,Unnamed: 0,Name,id,likes,date,posts,retweets
0,0,HoustonRockets,19077044,921,2019-03-05 02:14:28,The #NBA announced today that the Toronto Raptors and the Houston Rockets will play two preseason games in Japan inâ€¦ https://t.co/6Zieob0GZK,304
1,1,HoustonRockets,19077044,65,2019-03-04 23:00:00,Tune-in to @ATTSportsNetSW tomorrow at 6:30PM CT to watch the #Rockets Pre-Game Show! ğŸš€ https://t.co/BnVEAtz1MF,11
2,2,HoustonRockets,19077044,1670,2019-03-04 21:12:13,"ğŸš€ Step Back to '95 ğŸš€

ğŸ€ @adidasHoops
ğŸ”¥ #HardenVol3
ğŸ‘Ÿ https://t.co/t2EnE95mzu https://t.co/DCJFcKsY6p",351
3,3,HoustonRockets,19077044,52,2019-03-04 21:00:00,Want a chance to be living the suite life for our March match-up against the Kings? Enter the Toyota Suitestakes heâ€¦ https://t.co/67KhhnT0GO,5
4,4,HoustonRockets,19077044,938,2019-03-04 20:00:01,WARNING: THIS VIDEO CONTAINS AN EXTREME AMOUNT OF HYPE. @CP3 @JHarden13 @StateFarm https://t.co/Eqf2vIcGDv,225
5,5,HoustonRockets,19077044,1003,2019-03-04 19:08:32,ROSTER UPDATE: Rockets General Manager Daryl Morey announced today that the team has signed forward Terrence Jonesâ€¦ https://t.co/qPpwV4IkAT,153
6,6,HoustonRockets,19077044,184,2019-03-04 19:00:00,Check out the #MakeItHappen #PlaysOfTheWeek presented by @ConnsInc! ğŸ”¥ https://t.co/rzUi0URfcs,31
7,7,HoustonRockets,19077044,484,2019-03-04 18:30:12,Practice in Toronto #RunAsOne ğŸš€ https://t.co/c8bHW1Y1Xm,55
8,8,HoustonRockets,19077044,71,2019-03-04 18:00:00,"ğŸš¨ FAN APPRECIATION T-SHIRT CONTEST ğŸš¨

ğŸš€ Winning t-shirt will be sold as the Item of the Game on Fan Night (April 7tâ€¦ https://t.co/glPFAGi6u8",14
9,9,HoustonRockets,19077044,477,2019-03-04 16:00:00,These #SPLASHGORDON highlights are ğŸ”¥ https://t.co/RuSCfQTF1E,92
10,10,HoustonRockets,19077044,393,2019-03-04 15:30:00,"PJ Tucker talks about leadership and how the squad got the big win in Boston. 

#RunAsOne ğŸš€ https://t.co/cQANi8FWqm",36
11,11,HoustonRockets,19077044,511,2019-03-04 15:00:00,"12 assists for @CP3! 

ğŸ€â¤µï¸ https://t.co/2TOHg9Gl7B",77
12,12,HoustonRockets,19077044,0,2019-03-04 14:41:31,"RT @HoustonRockets: RT for the MVP. 

ğŸ€: 42 points https://t.co/IarM67P8mN",3365
13,13,HoustonRockets,19077044,549,2019-03-04 14:30:00,"""We are catching a rhythm on both ends of the court."" 

ğŸ¥â¤µï¸ https://t.co/n46RqxpqeI",76
14,14,HoustonRockets,19077044,2332,2019-03-04 14:00:01,42 POINTS l UNGUARDABLE. ğŸ˜¤ https://t.co/ci3HumPquC,485
15,15,HoustonRockets,19077044,0,2019-03-04 04:45:16,"RT @MarkJonesESPN: First let me say Harden,CP3 were great this afternoon..
Seeing PJ Tucker make winnning play after winning big play on efâ€¦",322
16,16,HoustonRockets,19077044,890,2019-03-03 23:41:57,"#TheUnguardableTour continues.... 

ğŸ€ 42PTS
ğŸ“¸ https://t.co/tYWJxqwXXI

#PhotoOfTheGame | @rokitofficial https://t.co/tmI1NzcoK2",189
17,17,HoustonRockets,19077044,1757,2019-03-03 23:15:40,"ğŸ€ Good game, @celtics. https://t.co/DgFGXrUw2S",204
18,18,HoustonRockets,19077044,6436,2019-03-03 22:56:44,"RT for the MVP. 

ğŸ€: 42 points https://t.co/IarM67P8mN",3365
19,19,HoustonRockets,19077044,2242,2019-03-03 22:56:32,Big WIN in Boston! #RunAsOne ğŸš€ https://t.co/khwvnIm4dg,800
20,20,HoustonRockets,19077044,5774,2019-03-03 22:49:16,Unreal shot by @JHarden13! ğŸ¤¯ https://t.co/FedDtkuksx,1755
21,21,HoustonRockets,19077044,311,2019-03-03 22:47:50,"BIG @JHarden13 BASKET!

#Rockets up by 12 with 3:20 remaining. https://t.co/vWuQZReesY",58
22,22,HoustonRockets,19077044,488,2019-03-03 22:40:33,"Tucker hustle ğŸ’ª
CP3 trey ğŸ€

Rockets up 106-96.
â° 5:35 https://t.co/46XCSMmEiX",85
23,23,HoustonRockets,19077044,475,2019-03-03 22:35:35,TUCKER 3! https://t.co/gHtQZ73uX0,76
24,24,HoustonRockets,19077044,952,2019-03-03 22:24:36,STEP ğŸ”™ https://t.co/yn6MDZT1bx,191
25,25,HoustonRockets,19077044,1566,2019-03-03 22:23:17,"One more quarter to go...

ğŸš€ 100  l  â˜˜ï¸ 78 https://t.co/jlO6YyBUNI",188
26,26,HoustonRockets,19077044,153,2019-03-03 22:13:19,"Timeout Houston â¤µï¸

#Rockets up 84-67.
â° 4:08 https://t.co/NMdK6Amye8",25
27,27,HoustonRockets,19077044,258,2019-03-03 22:07:29,RT this @CapelaClint â¡ï¸ @TheofficialEG10 connection! ğŸ”¥ https://t.co/KXKjiN6ooe,58
28,28,HoustonRockets,19077044,482,2019-03-03 21:55:21,Another 3 for @TheofficialEG10! He's on ğŸ”¥ with 26 points! https://t.co/tpsjmRQ0ki,102
29,29,HoustonRockets,19077044,0,2019-03-03 21:40:08,"RT @NBA: Floor general. ğŸ—£ï¸

CP3 is mic'd up for the @HoustonRockets on #NBAonABC! #Rockets https://t.co/cBu7E8QlZI",157
30,30,HoustonRockets,19077044,474,2019-03-03 21:38:31,Squad up at the half! #RunAsOne ğŸš€ https://t.co/yQSFRUNn6t,113
31,31,HoustonRockets,19077044,1827,2019-03-03 21:34:42,ğŸ‘ MOST ğŸ‘ VALUABLE ğŸ‘ PLAYER ğŸ‘ https://t.co/rFXMrmidMk,364
32,32,HoustonRockets,19077044,395,2019-03-03 21:27:16,"#Rockets up 56-36.
â° 3:32 https://t.co/RZ0AjKGCTT",82
33,33,HoustonRockets,19077044,874,2019-03-03 21:20:40,Point God ğŸš€ vs Uncle Drew â˜˜ï¸ https://t.co/J8OxY8Wzpl,160
34,34,HoustonRockets,19077044,305,2019-03-03 21:16:21,.@TheofficialEG10 now with 14 points! â˜”ï¸ https://t.co/NLn6mjTkRo,51
35,35,HoustonRockets,19077044,605,2019-03-03 21:07:35,"ğŸ”´âšªï¸âšªï¸âšªï¸

End of 1st â¡ï¸ Rockets up 33-23.

ğŸ“Š Harden 13 PTS https://t.co/t1qnQ7ult1",73
36,36,HoustonRockets,19077044,771,2019-03-03 20:58:20,SHAKE 'N BAKE ğŸš€ https://t.co/ql2UE6qCh9,141
37,37,HoustonRockets,19077044,132,2019-03-03 20:53:36,"EG basket!

#Rockets up 22-14. https://t.co/EkQpp0OQfD",21
38,38,HoustonRockets,19077044,547,2019-03-03 20:49:31,This ball movement...ğŸ”¥ â¤µï¸ https://t.co/WiwH5aRL1J,108
39,39,HoustonRockets,19077044,668,2019-03-03 20:45:15,First ğŸ€: @JHarden13 https://t.co/pinT80dTh9,67
40,40,HoustonRockets,19077044,257,2019-03-03 20:37:56,"It's game time! ğŸš€

F @TheofficialEG10 
F PJ Tucker
C @CapelaClint 
G @CP3 
G @JHarden13 https://t.co/ldaXhBAAnL",52
41,41,HoustonRockets,19077044,478,2019-03-03 20:00:32,Red Nation reppinâ€™ in Boston! https://t.co/H18k7JXUdp,62
42,42,HoustonRockets,19077044,2704,2019-03-03 19:59:11,The MVP ğŸš€ https://t.co/0egC71FcoK,528
43,43,HoustonRockets,19077044,695,2019-03-03 19:35:04,"RT for The Point God ğŸ™Œ

@CP3 | #RunAsOne https://t.co/Ev8zVPUtEe",274
44,44,HoustonRockets,19077044,282,2019-03-03 17:30:00,"ğŸš€ ğŸ†š ğŸ€

ğŸ€ Tip-off 2:30PM
ğŸ“º ABC
ğŸ“» @ktrhnews / 850AM (Spanish)
ğŸ“² Live scores/stats in the Rockets app
ğŸ“¸â€¦ https://t.co/enUvxFPhCC",78
45,45,HoustonRockets,19077044,271,2019-03-03 14:00:00,"Join us today for the #Rockets vs. Celtics Viewing Party at The Rustic!

â° 2:00PM
 ğŸ“£ Appearances by @clutchthebearâ€¦ https://t.co/UP7F6z6kxB",39
46,46,HoustonRockets,19077044,1588,2019-03-02 21:50:08,Boston ğŸ¥¶ https://t.co/mi9TYozhNo,163
47,47,HoustonRockets,19077044,58,2019-03-02 21:00:00,"Our partner @WeWork hosted a panel to discuss the art of the side hustle at WeWork's The Jones Building.

The commuâ€¦ https://t.co/bcYfCkhQy5",5
48,48,HoustonRockets,19077044,155,2019-03-02 20:00:00,"Join us for the #Rockets vs. Celtics Viewing Party at The Rustic!

ğŸ—“ Sunday March 3rd
â° 2:00PM
 ğŸ“£ Appearances byâ€¦ https://t.co/C0ysTDkyKk",22
49,49,HoustonRockets,19077044,167,2019-03-02 18:00:00,Check out 8-time Dunk Champion Isaac White and all the high-flying action in the Slam Dunk contest presented byâ€¦ https://t.co/9dJJZQdon4,32
50,50,HoustonRockets,19077044,108,2019-03-02 16:00:00,"Last week, we stopped by South Houston Intermediate School with @HoustonFCU and NBA Champion Carl Herrera to educatâ€¦ https://t.co/NwGDdyEWX1",10
51,51,HoustonRockets,19077044,65,2019-03-02 13:00:00,"ğŸš¨ RESCHEDULED ğŸš¨

Join us on our new date, April 13th, for the 7th Annual #Rockets Dog Walk presented by @TitosVodkaâ€¦ https://t.co/Jz6A3af3CS",16
52,52,HoustonRockets,19077044,76,2019-03-01 23:00:00,"To Celebrate Womenâ€™s History Month weâ€™re offering 30% off ALL Womenâ€™s Apparel this month!

ğŸ› 30% Off Womenâ€™s Appareâ€¦ https://t.co/T6yDD0yTwI",12
53,53,HoustonRockets,19077044,99,2019-03-01 21:45:00,"ğŸš¨ RESCHEDULED ğŸš¨

Join us on our new date, April 13th, for the 7th Annual #Rockets Dog Walk presented by @TitosVodkaâ€¦ https://t.co/VvaCTzgloV",18
54,54,HoustonRockets,19077044,149,2019-03-01 18:02:42,Carlotta Walls LaNier &amp; Lucille Bridges were honored on-court last night during the game! ğŸš€ğŸ‘ https://t.co/8SKoj93ERA,15
55,55,HoustonRockets,19077044,136,2019-03-01 18:00:00,"Join us for the #Rockets vs. Celtics Viewing Party at The Rustic!

ğŸ—“ Sunday March 3rd
â° 2:00PM
 ğŸ“£ Appearances byâ€¦ https://t.co/elHEGDazHz",15
56,56,HoustonRockets,19077044,1285,2019-03-01 17:11:48,"ğŸ—£ğŸ’¯

#TheUnguardableTour https://t.co/6ISav450vD",331
57,57,HoustonRockets,19077044,0,2019-03-01 15:13:18,"RT @HoustonRockets: RT FOR THE MVP!

ğŸ€: 58 POINTS https://t.co/rAqcUAgNsF",3107
58,58,HoustonRockets,19077044,372,2019-03-01 15:00:00,".@AustinRivers25 with 17PTS (7-8 shooting) off the bench last night. 

#RunAsOne ğŸš€ https://t.co/73e2FyAb0o",39
59,59,HoustonRockets,19077044,598,2019-03-01 14:30:00,"""It was a total team-effort."" 

#RunAsOne â¤µï¸ğŸ¥ https://t.co/iw1tjYlnqi",72
60,60,HoustonRockets,19077044,2676,2019-03-01 14:00:02,"The Beard was doing WORK last night! #MVP
ğŸ€ 58 PTS
â¡ï¸ 10 AST
ğŸ’ª 7 REB
ğŸ”’ 4 STL https://t.co/matdAPx1vy",638
61,61,HoustonRockets,19077044,83,2019-03-01 13:30:00,"ğŸ—£ Free @ChickfilA at participating locations today if you were at yesterday's game! 

 â¬‡ï¸ Info â¬‡ï¸ https://t.co/vW1dojoiF4",11
62,62,HoustonRockets,19077044,1129,2019-03-01 13:00:00,#PhotoOfTheGame | @rokitofficial https://t.co/70qI0uF4f1,138
63,63,HoustonRockets,19077044,0,2019-03-01 05:43:55,RT @CP3: Itâ€™s a FAMILY thing!!! #Brotherhood #OneLastDance https://t.co/9QtMf35mHN,4358
64,64,HoustonRockets,19077044,2015,2019-03-01 03:51:27,".@CP3 X @DwyaneWade X @JHarden13

#OneLastDance https://t.co/T7RGwPMaBG",471
65,65,HoustonRockets,19077044,3144,2019-03-01 03:37:51,"Respect. 

#OneLastDance https://t.co/iNS139de2X",692
66,66,HoustonRockets,19077044,7761,2019-03-01 03:23:57,"RT FOR THE MVP!

ğŸ€: 58 POINTS https://t.co/rAqcUAgNsF",3107
67,67,HoustonRockets,19077044,2496,2019-03-01 03:23:44,"4 WINS IN A ROW! 

#RunAsOne ğŸš€ https://t.co/oxF5hwvnzF",808
68,68,HoustonRockets,19077044,549,2019-03-01 03:20:04,"CLUTCH basket for @CP3! 

#Rockets take the 121-118 lead with 46.2 remaining. https://t.co/6IlKysR1QM",113
69,69,HoustonRockets,19077044,2809,2019-03-01 03:16:41,"UNSTOPPABLE! ğŸ˜¤

ğŸ“Š 58PTS https://t.co/XWOV0s5bU6",772
70,70,HoustonRockets,19077044,0,2019-03-01 03:13:06,RT @ca_rockets: Harden has set Miami's record for the most points scored by an opposing player in a single game; the previous mark was 53 pâ€¦,192
71,71,HoustonRockets,19077044,496,2019-03-01 03:12:03,"We are all tied up at 113 with 3:43 left! 

@JHarden13 with 56PTS &amp; 10AST https://t.co/mZ0aDELwX8",126
72,72,HoustonRockets,19077044,957,2019-03-01 03:08:31,"ğŸš€ 54 POINTS! 
ğŸ—£ RT FOR THE #MVP https://t.co/OsEMeaudet",444
73,73,HoustonRockets,19077044,246,2019-03-01 03:03:07,".@AustinRivers25 has been a huge spark off the bench tonight! 
ğŸ“Š 17PTS 

Heat 105 
#Rockets 101 
â° 7:39 https://t.co/GIMWZk0cPr",35
74,74,HoustonRockets,19077044,685,2019-03-01 02:57:55,46 POINTS AND COUNTING FOR THE #MVP ğŸ˜¤ https://t.co/NzCu2J3pRc,136
75,75,HoustonRockets,19077044,168,2019-03-01 02:56:17,#RocketsğŸ€ movement leading to an @AustinRivers25 3! https://t.co/fbYrSGsqPS,23
76,76,HoustonRockets,19077044,176,2019-03-01 02:54:48,".@Gary11_Clark getting the start tonight, he's got 14PTS. https://t.co/Cqxoj5vHzU",32
77,77,HoustonRockets,19077044,810,2019-03-01 02:49:23,The Houston Rockets honored Senior Vice President of Basketball Operations and Head Athletic Trainer Keith Jones toâ€¦ https://t.co/Jx1u2tk1UP,186
78,78,HoustonRockets,19077044,147,2019-03-01 02:48:54,"âšªï¸âšªï¸ğŸ”´âšªï¸

Heat 98 
#Rockets 86 https://t.co/qOC4m5csbY",24
79,79,HoustonRockets,19077044,216,2019-03-01 02:41:48,"Another 3 for Gerald! 

#Rockets have cut the Heat lead to 7. https://t.co/kTIbLbRFlk",27
80,80,HoustonRockets,19077044,358,2019-03-01 02:37:48,"12-2 #Rockets run! 

GR33N ğŸ’¸ https://t.co/HdLDJF0ATD",44
81,81,HoustonRockets,19077044,269,2019-03-01 02:34:06,Making #NBA history: @CP3 is now 10th on the all-time steal list! https://t.co/alSwRzM60d,80
82,82,HoustonRockets,19077044,86,2019-03-01 02:32:54,The Rockets and Owner Tilman Fertitta are proud to celebrate Black History Night at tonight's game. https://t.co/OF7vb9pWEx,20
83,83,HoustonRockets,19077044,329,2019-03-01 02:29:25,"The B3ARD starts the second-half with a 3. 

ğŸ“Š 31PTS https://t.co/e0XjSLiOBN",58
84,84,HoustonRockets,19077044,194,2019-03-01 02:08:06,Halftime in Houston. ğŸš€ https://t.co/53z35kAQzT,30
85,85,HoustonRockets,19077044,339,2019-03-01 02:03:55,NğŸš«PE https://t.co/Q1SP4IhWz3,42
86,86,HoustonRockets,19077044,263,2019-03-01 01:55:31,.@Gary11_Clark on the board! ğŸ€ https://t.co/qwIOVHqdRw,38
87,87,HoustonRockets,19077044,269,2019-03-01 01:46:24,GG14 â¡ï¸ CC15 ğŸš€ https://t.co/ExS7Lfg1u0,31
88,88,HoustonRockets,19077044,628,2019-03-01 01:39:24,"ğŸ”´âšªï¸âšªï¸âšªï¸

#Rockets 33 l Heat 32

ğŸ“Š @JHarden13 14PTS https://t.co/ssykORvEhq",74
89,89,HoustonRockets,19077044,1496,2019-03-01 01:35:13,James Harden with the range! ğŸ”¥ https://t.co/dozmaBNkiq,337
90,90,HoustonRockets,19077044,616,2019-03-01 01:24:01,"The Beard giving us the lead! 

#Rockets 23 l Heat 19 https://t.co/JUVYKbUyTN",119
91,91,HoustonRockets,19077044,2108,2019-03-01 01:21:08,ğŸ‘€Â SHEESH @CP3 https://t.co/gHsq0kS07V,429
92,92,HoustonRockets,19077044,256,2019-03-01 01:18:08,"PJ TUCK3R 

ğŸ“º @ATTSportsNetSW https://t.co/yWaGf5dRlP",33
93,93,HoustonRockets,19077044,434,2019-03-01 01:16:01,"C
P
3
ğŸ”¥ https://t.co/u3ZOvrffCz",69
94,94,HoustonRockets,19077044,239,2019-03-01 01:09:54,"Tonight's ğŸš€ Starters: 

F PJ Tucker
F @Gary11_Clark 
C @CapelaClint 
G @CP3
G @JHarden13 https://t.co/qYmEVwgSZA",45
95,95,HoustonRockets,19077044,243,2019-03-01 00:33:36,"ğŸ€ âœï¸

Fan Connection | @rokitofficial https://t.co/Iz3N5OawjO",25
96,96,HoustonRockets,19077044,545,2019-03-01 00:20:13,ğŸ’ª @JHarden13 ğŸ’ª https://t.co/wHoVpXj1ek,66
97,97,HoustonRockets,19077044,488,2019-03-01 00:12:41,"Weâ€™re taking on the Heat! ğŸš€

#TissotStyleWatch | @TISSOT https://t.co/jde4lU9y2y",80
98,98,HoustonRockets,19077044,2797,2019-02-28 23:08:52,#OneLastDance https://t.co/0r7aUk5yUK,580
99,99,HoustonRockets,19077044,125,2019-02-28 22:30:00,"Tonightâ€™s First Shot will be taken by Grammy winner @YolandaAdams. She will also be performing ""Lift Every Voice Anâ€¦ https://t.co/gkjzgI3MQF",23
100,0,Lakers,20346956,408,2019-03-05 07:23:32,ğŸ¥ Josh Hart talks about fighting through his injuries and the need to win every possession. https://t.co/BTidi0YIxF,66
101,1,Lakers,20346956,509,2019-03-05 07:15:36,ğŸ¥ Rajon Rondo talks about becoming the second player in NBA history to notch a triple-double with five different teâ€¦ https://t.co/UWFIg7lpNl,88
102,2,Lakers,20346956,1013,2019-03-05 07:13:44,ğŸ¥ LeBron James talks about taking things one game at a time and fighting through adversity. https://t.co/42Y40pCpCA,179
103,3,Lakers,20346956,0,2019-03-05 06:49:37,"RT @LakersReporter: X-Rays were negative on Kyle Kuzmaâ€™s sprained right ankle. As Luke Walton said, though, itâ€™d be a surprise to see him bâ€¦",116
104,4,Lakers,20346956,391,2019-03-05 06:46:31,"ğŸ¥ Although the teamâ€™s mindset was in the right place, Luke feels missed opportunities and injuries took their toll. https://t.co/hW06tBA7Kg",62
105,5,Lakers,20346956,1599,2019-03-05 05:58:40,Final tally from STAPLES. https://t.co/2iOZ4xCwMv,351
106,6,Lakers,20346956,2052,2019-03-05 05:52:10,"First triple-double of the season for @RajonRondo. 

He becomes the second player in NBA history with a triple-doubâ€¦ https://t.co/tai6CZpO8S",292
107,7,Lakers,20346956,1378,2019-03-05 05:37:25,S A U C E https://t.co/BaxzrxIquE,170
108,8,Lakers,20346956,834,2019-03-05 05:35:52,Rondo giving English lessons with the reverse layup! ğŸ“šğŸ“šğŸ“š,95
109,9,Lakers,20346956,439,2019-03-05 05:33:37,".@ReggieBullock35 closes out the third quarter!

#LakeShow (ğŸ“º: @SpectrumSN &amp; NBA TV) https://t.co/LyVSsehzoz",63
110,10,Lakers,20346956,412,2019-03-05 05:26:33,"Taking this one into the final frame. 

Rondo: 20 pts, 9 ast, 8 reb
James: 20 pts https://t.co/gMx9F71KRs",69
111,11,Lakers,20346956,526,2019-03-05 05:24:18,ğŸš¨ Bullock backpedals into the buzzer-beater! ğŸš¨,65
112,12,Lakers,20346956,555,2019-03-05 05:22:00,"Josh Hart through contact! ğŸ’ª

#LakeShow (ğŸ“º: @SpectrumSN &amp; NBA TV) https://t.co/66oD3C9TpA",75
113,13,Lakers,20346956,387,2019-03-05 05:18:33,"ğŸ’›â•1ï¸âƒ£

#LakeShow back in front after seven unanswered points capped by Hart's and-1.",44
114,14,Lakers,20346956,589,2019-03-05 05:12:55,"Lefty layup by Rondo

#LakeShow (ğŸ“º: @SpectrumSN &amp; NBA TV) https://t.co/BmZ0wvC7pc",96
115,15,Lakers,20346956,475,2019-03-05 04:43:54,"Vets leading the way at the break. 

James: 17 pts
Rondo: 11 pts, 6 reb, 6 ast https://t.co/tXwQBvwHlL",85
116,16,Lakers,20346956,0,2019-03-05 04:40:05,"RT @LakersReporter: Alex Caruso, who has played a total of 4 minutes since a 12-minute stretch against Golden State on Jan. 21, just checkeâ€¦",33
117,17,Lakers,20346956,1282,2019-03-05 04:40:00,Gold Rush #LakeShow https://t.co/RqJcy1FfZd,250
118,18,Lakers,20346956,0,2019-03-05 04:36:37,RT @LakerGirls: Team huddle! #LakeShow https://t.co/sGhFSY5Igg,33
119,19,Lakers,20346956,0,2019-03-05 04:36:03,RT @LosLakers: Hoy nos acompaÃ±a el @Canelo ğŸ‡²ğŸ‡½ğŸ¥Š https://t.co/vhkOC11asT,375
120,20,Lakers,20346956,1482,2019-03-05 04:31:24,"Nice backdoor cut by LeBron for the easy flush

#LakeShow (ğŸ“º: @SpectrumSN &amp; NBA TV) https://t.co/yuIayPrhlP",227
121,21,Lakers,20346956,699,2019-03-05 04:27:29,"Not on JaVale's watch!

#LakeShow (ğŸ“º: @SpectrumSN &amp; NBA TV) https://t.co/6x3r6n4rqu",130
122,22,Lakers,20346956,3222,2019-03-05 04:25:34,ğŸš€ğŸš€ğŸš€ https://t.co/49zhqhTzyt,426
123,23,Lakers,20346956,726,2019-03-05 04:16:13,First quarter views https://t.co/ZXJwm62Stj,132
124,24,Lakers,20346956,643,2019-03-05 04:13:27,Kuz with 11 in the first for the #LakeShow lead. https://t.co/a409edHHIU,135
125,25,Lakers,20346956,0,2019-03-05 04:11:35,"RT @LakersReporter: Clippers have been defending LeBron with smaller players all quarter (Beverley, Temple), and the result has been a FT pâ€¦",70
126,26,Lakers,20346956,1421,2019-03-05 03:49:37,"Rondo finds Kuzma with a gorgeous bounce pass

#LakeShow (ğŸ“º: @SpectrumSN &amp; NBA TV) https://t.co/wVRMXR71KD",245
127,27,Lakers,20346956,553,2019-03-05 03:44:46,"JaVale McGee scores both of the Lakers' first two baskets of the night. 

The big man's made 20 of his last 21 shots. 
âœ…âœ…âœ…âœ…âœ…âœ…âœ…âœ…âŒâœ…âœ…âœ…âœ…âœ…âœ…âœ…âœ…âœ…âœ…âœ…âœ…",68
128,28,Lakers,20346956,503,2019-03-05 03:43:40,Oop for 2ï¸âƒ£ https://t.co/pQoWrmpbIB,70
129,29,Lakers,20346956,234,2019-03-05 03:40:55,Ball is up. #LakeShow https://t.co/Y8SuhIgOck,65
130,30,Lakers,20346956,575,2019-03-05 03:35:00,#SuitingUpTogether https://t.co/MWoYugSU9v,109
131,31,Lakers,20346956,1292,2019-03-05 03:34:36,Headband Kuz is back. #LakeShow https://t.co/jh2QTVwBsr,217
132,32,Lakers,20346956,260,2019-03-05 03:30:00,"Game time in Downtown Los Angeles! 

ğŸ“º: @SpectrumSN
ğŸ“»: 710 ESPN &amp; 1330 KWKW

https://t.co/1GaQt2WHdC",50
133,33,Lakers,20346956,852,2019-03-05 03:29:10,L A C E D https://t.co/AG0vxfC948,119
134,34,Lakers,20346956,789,2019-03-05 03:20:59,The #LakeShow takes the floor https://t.co/mWDa7TMesx,158
135,35,Lakers,20346956,1343,2019-03-05 03:05:07,UPDATE: Brandon Ingram will not play tonight. https://t.co/aGQTmzZjkp,306
136,36,Lakers,20346956,0,2019-03-05 02:41:02,"RT @Lakers: Mark Madsen sits down to provide the scouting report for tonight's game against the Clippers, presented by @Delta https://t.co/â€¦",55
137,37,Lakers,20346956,1254,2019-03-05 01:49:18,Brandon Ingram (right shoulder soreness) is questionable for tonightâ€™s game.,150
138,38,Lakers,20346956,1407,2019-03-05 01:35:04,#LakeShow in the building ğŸ  https://t.co/whGK1zFBrq,159
139,39,Lakers,20346956,661,2019-03-05 01:16:40,"The North Carolina town of 20,000 that produced two Los Angeles Lakers. 

Former All-Star Jerry Stackhouse on the uâ€¦ https://t.co/IW4smQhoBc",159
140,40,Lakers,20346956,0,2019-03-05 01:08:40,RT @SouthBayLakers: Johnathan Williams (two-way) and Isaac Bonga (assigned) will be with the @Lakers for their game tonight against the LAâ€¦,63
141,41,Lakers,20346956,4324,2019-03-05 00:15:13,Showinâ€™ out for the city https://t.co/oEW2rzeD6W,499
142,42,Lakers,20346956,779,2019-03-04 23:07:06,"Back home for an intracity matchup at 7:30 PT!

ğŸ“º: @SpectrumSN in L.A. NBA TV nationally
ğŸ“»: 710 ESPN &amp; 1330 KWKW

https://t.co/1GaQt3ei5a",132
143,43,Lakers,20346956,326,2019-03-04 21:54:21,"Mark Madsen sits down to provide the scouting report for tonight's game against the Clippers, presented by @Delta https://t.co/ueJ7PuR7W8",55
144,44,Lakers,20346956,0,2019-03-04 21:53:29,"RT @LakersGaming: Adding 3ï¸âƒ£ more members to the #LakersGaming family tomorrow!

Watch the @NBA2KLeague Draft live on @Twitch Tuesday at 2pâ€¦",30
145,45,Lakers,20346956,0,2019-03-04 20:20:33,"RT @LakersReporter: Talked to Jerry Stackhouse about fellow Kinston, N.C. natives that he mentored, Brandon Ingram and Reggie Bullock: httpâ€¦",254
146,46,Lakers,20346956,920,2019-03-04 19:32:41,"Lance Stephenson (left foot, second toe sprain) is out for tonight. 

Tyson Chandler (neck stiffness) is questionable.",119
147,47,Lakers,20346956,901,2019-03-03 16:00:00,"The team honored TSgt Andre Lyles of the Air Force by giving him a unique Lakers experience, as part of @Delta's Saâ€¦ https://t.co/vXay1DLBtL",90
148,48,Lakers,20346956,3896,2019-03-03 04:36:16,Final from Arizona. https://t.co/8unYBej2bG,599
149,49,Lakers,20346956,775,2019-03-03 04:28:04,The King hammers it down to make it a one-possession game!,94
150,50,Lakers,20346956,0,2019-03-03 04:26:57,"RT @LakersReporter: LAL have the ball down 112-107 with 1:19 to play, needing points to keep the pressure on the Suns. LeBronâ€™s up to 25 poâ€¦",47
151,51,Lakers,20346956,1837,2019-03-03 04:16:04,3ï¸âƒ£-ball on the way ğŸ’¦ https://t.co/xEK0bjqtoc,211
152,52,Lakers,20346956,0,2019-03-03 04:15:14,"RT @LakersReporter: LAL within 8 after LeBronâ€™s and-1, and his 3 on the next trip. Still 5 minutes left.",54
153,53,Lakers,20346956,1149,2019-03-03 03:55:01,Heading to the final frame. https://t.co/GhY9QUQ746,180
154,54,Lakers,20346956,2037,2019-03-03 03:35:17,"B.I. using every inch of that 7'3"" wingspan to get the rim.

#LakeShow (ğŸ“º: @SpectrumSN) https://t.co/9QRNVeoBTe",270
155,55,Lakers,20346956,2535,2019-03-03 03:19:28,The ğŸ‘‘ can go get it!! https://t.co/b3dmRIrTJN,474
156,56,Lakers,20346956,610,2019-03-03 03:10:47,Halftime. https://t.co/Q5ZXfJXVFD,106
157,57,Lakers,20346956,1343,2019-03-03 03:09:46,"Ball fake â¡ï¸ handoff â¡ï¸Â dunk

#LakeShow (ğŸ“º: @SpectrumSN) https://t.co/tTiuiVcPSa",206
158,58,Lakers,20346956,1541,2019-03-03 03:07:15,ğŸ”¨ğŸ”¨ğŸ”¨ https://t.co/eHg4Fz5BS9,153
159,59,Lakers,20346956,0,2019-03-03 03:01:03,"RT @LakersReporter: With a layup driving to his right, LeBron passed Kobe Bryant for 5th on the all-time field goals made list in NBA histoâ€¦",193
160,60,Lakers,20346956,762,2019-03-03 02:55:01,Play through the contact https://t.co/c7nAxdOg8G,99
161,61,Lakers,20346956,1721,2019-03-03 02:47:14,"JaVale stays with the play.

#LakeShow (ğŸ“º: @SpectrumSN) https://t.co/pGlFZl6TDp",217
162,62,Lakers,20346956,516,2019-03-03 02:38:50,12 minutes into it. https://t.co/bEMKtDjlQf,61
163,63,Lakers,20346956,4601,2019-03-03 02:24:30,"Go get it, @KingJames

#LakeShow (ğŸ“º: @SpectrumSN) https://t.co/QpDI99VtdP",890
164,64,Lakers,20346956,0,2019-03-03 02:23:12,"RT @LakersReporter: With that alley-oop to LeBron, Rajon Rondo passed Deron Williams for 20th on the NBAâ€™s all-time assist list (6,820). Leâ€¦",141
165,65,Lakers,20346956,2291,2019-03-03 02:21:32,Lob ğŸ‘‘ https://t.co/HnQfVYTLD8,455
166,66,Lakers,20346956,2119,2019-03-03 02:19:52,Just lob it up. The King will do the rest. ğŸ‘‘ğŸ’¥,179
167,67,Lakers,20346956,308,2019-03-03 02:12:00,Bullock splashes the triple on the game's first possession. #BullsEye ğŸ¯,49
168,68,Lakers,20346956,215,2019-03-03 02:10:54,Ball is up. #LakeShow https://t.co/vNCbNyircw,51
169,69,Lakers,20346956,511,2019-03-03 02:09:48,#SuitingUpTogether from Phoenix https://t.co/1CpDPlZWtl,96
170,70,Lakers,20346956,603,2019-03-03 02:09:23,START IT UP! https://t.co/8Z2dlpzh51,109
171,71,Lakers,20346956,306,2019-03-03 02:00:00,"Time to get started in the desert! 

ğŸ“º: @SpectrumSN
ğŸ“»: 710 ESPN &amp; 1330 KWKW

https://t.co/lPAJrUWo4F",50
172,72,Lakers,20346956,1771,2019-03-03 01:59:50,Flow ğŸŒŠ https://t.co/AwVyEYeKH9,244
173,73,Lakers,20346956,873,2019-03-03 01:53:24,Suit up and roll #LakeShow https://t.co/GGhI2LFEmw,120
174,74,Lakers,20346956,932,2019-03-03 01:30:58,#LakeShow love https://t.co/hTo1W0SfnY,127
175,75,Lakers,20346956,1264,2019-03-03 01:11:38,Shots going up â˜„ï¸ https://t.co/akot1LJuBb,131
176,76,Lakers,20346956,8383,2019-03-02 23:38:30,Don't worry about a thing https://t.co/8kR2E7LTuo,1172
177,77,Lakers,20346956,1394,2019-03-02 23:22:53,#LakeShow among the ğŸŒµ tonight https://t.co/wpdlUk82N4,186
178,78,Lakers,20346956,1240,2019-03-02 17:00:00,"No rest for the #LakeShow. Back at it tonight at 6 PT!

ğŸ“º: @SpectrumSN
ğŸ“»: 710 ESPN &amp; 1330 KWKW

https://t.co/lPAJrUEMG5",172
179,79,Lakers,20346956,744,2019-03-02 07:46:38,"B.I. and LeBron slammed their way to huge nights, but the Bucks ultimately added to the NBA's best record. 

https://t.co/Ib8e4JaO59",81
180,80,Lakers,20346956,1197,2019-03-02 07:26:17,ğŸ¥ Brandon Ingram talks about continuing to be aggressive during the best stretch of his young career. https://t.co/iqL68TNW16,186
181,81,Lakers,20346956,949,2019-03-02 07:17:39,ğŸ¥ LeBron James discusses the missed opportunities that cost the Lakers in their late loss to Milwaukee. https://t.co/CbBayXbhMl,164
182,82,Lakers,20346956,445,2019-03-02 06:47:11,ğŸ¥ Luke was pleased with the way the team played for most of the game but felt individual defense struggled. https://t.co/GjyEhJxOLh,68
183,83,Lakers,20346956,1262,2019-03-02 06:34:52,ğŸ¥ LeBron James pours in 31 points and 10 assists to fuel the Lakersâ€™ offense against the Bucks. https://t.co/FXgPJVlvJk,256
184,84,Lakers,20346956,2526,2019-03-02 06:34:03,"ğŸ¥ Brandon Ingram continues his red-hot streak with a 31-point effort, including his monster dunk. https://t.co/p63IKbzKAL",514
185,85,Lakers,20346956,651,2019-03-02 06:32:06,"ğŸ¥ Lakers trade buckets with Milwaukee in a marquee matchup, yet come up just short. https://t.co/MVI1wL7EDx",109
186,86,Lakers,20346956,515,2019-03-02 06:12:06,"B.I. and LeBron with matching 31-point displays in a tough clash against the league leaders. 

https://t.co/Amb7WZTWxd",73
187,87,Lakers,20346956,2993,2019-03-02 05:54:21,"Tough way to finish a back-and-forth battle. 

James: 31 pts, 10 ast, 7 reb
Ingram: 31 pts, 8 reb
Rondo: 20 pts, 9â€¦ https://t.co/GbwPqRub4c",511
188,88,Lakers,20346956,2408,2019-03-02 05:43:58,ğŸ‘ˆğŸ‘Œ https://t.co/3erFR6B0I4,308
189,89,Lakers,20346956,0,2019-03-02 05:43:39,"RT @LakersReporter: KCP and Kuzma both made a nice extra pass to get LeBron a wide open 3, which he drilled to answer Bledsoeâ€™s and-1, andâ€¦",62
190,90,Lakers,20346956,1098,2019-03-02 05:43:34,"LeBron to the rack +1ï¸âƒ£

#LakeShow (ğŸ“º: @SpectrumSN &amp; ESPN) https://t.co/cVjc0P1WI8",218
191,91,Lakers,20346956,970,2019-03-02 05:37:02,"LeBron James earning three points the hard way! 

All tied with 4 minutes left. Catch the finish on @SpectrumSN and ESPN.",116
192,92,Lakers,20346956,893,2019-03-02 05:33:54,Another one! For the second straight game we have a @Bellagio Big Shot Jackpot winner. This time it's Logan Thomasâ€¦ https://t.co/F0LxpslOJ8,176
193,93,Lakers,20346956,849,2019-03-02 05:31:50,He wants the moment https://t.co/y8cLbmuXOU,111
194,94,Lakers,20346956,1008,2019-03-02 05:29:25,"ğŸ‘ŒğŸ”™âœŒï¸ğŸ”™ğŸ‘Œ

Bron and Rondo sink consecutive treys, evening the score with 7 minutes left.",154
195,95,Lakers,20346956,0,2019-03-02 05:24:40,"RT @LakersReporter: For the second straight game, a fan hit the MGM half court shot â€¦ this time for $25K ($100K last game). LAL are 8-1 wheâ€¦",146
196,96,Lakers,20346956,1780,2019-03-02 05:18:54,"The King and The Kid taking over.

@B_Ingram13: 29 pts (13/19 FG)
@KingJames: 20 pts, 9 ast, 7 reb https://t.co/KOf6dS55f2",319
197,97,Lakers,20346956,1101,2019-03-02 05:17:22,ğŸ‘ŒğŸ‘ŒğŸ‘Œ https://t.co/ktNYAcDIGC,136
198,98,Lakers,20346956,0,2019-03-02 05:16:53,"RT @LakersReporter: Brandon Ingramâ€™s up to 29 points on 13 of 18 FGâ€™s after drilling a 3-pointer, and Josh Hart answered Brogdonâ€™s 3 momentâ€¦",138
199,99,Lakers,20346956,727,2019-03-02 05:16:43,"ğŸ‘‘â¡ï¸ğŸ’œ

LeBron sends his man to the floor and Hart cashes the triple!",97
200,0,warriors,26270913,259,2019-03-06 03:43:20,GO TIME https://t.co/ZREB9VExhY,72
201,1,warriors,26270913,299,2019-03-06 03:40:50,Game. On. #DubNation,107
202,2,warriors,26270913,1315,2019-03-06 03:28:10,"COUNT IT 
ğŸ’° ğŸ’° ğŸ’° https://t.co/B82vNXPAwS",331
203,3,warriors,26270913,442,2019-03-06 03:21:50,Tonight's starting 5ï¸âƒ£ https://t.co/2dnGxuIr6D,99
204,4,warriors,26270913,1534,2019-03-06 03:16:42,feelinâ€™ it https://t.co/knWKN75ayY,378
205,5,warriors,26270913,604,2019-03-06 03:15:24,locked in ğŸ”’ https://t.co/SqbvTWk2Al,91
206,6,warriors,26270913,536,2019-03-06 02:30:00,"ğŸ€ GSW vs. BOS
ğŸ•“ 7:30 PM
ğŸ“º @NBAonTNT 
ğŸ“» @957thegame 
ğŸ“± https://t.co/ZkjPJj14fy  
ğŸ—’ï¸ https://t.co/gsYGpJztm4 https://t.co/oGiqRYVkt5",90
207,7,warriors,26270913,1749,2019-03-06 02:11:21,ğŸ’§ https://t.co/MeWUqj9Xj5,203
208,8,warriors,26270913,0,2019-03-05 21:59:02,"RT @NBA: â€¼ï¸ 28.4 PPG 5.3 RPG 5.2 APG â€¼ï¸

Watch the BEST play from @StephenCurry30 in every game this season ahead of @warriors hosting BOSâ€¦",358
209,9,warriors,26270913,1948,2019-03-05 21:12:00,"The last time #DubNation took on #CUsRise, Steph knocked down FOUR 3-pointers in less than two minutes ğŸ’¦

Rematch tâ€¦ https://t.co/2ZPso4wob2",342
210,10,warriors,26270913,2665,2019-03-05 19:21:20,MOOD #DubNation https://t.co/jau1wPRCZb,425
211,11,warriors,26270913,2215,2019-03-05 19:16:02,Game day work ğŸ’¦ https://t.co/Nf8DPN8KVj,262
212,12,warriors,26270913,479,2019-03-05 18:41:24,"Everything you need to know before tonight's matchup â¬‡ï¸

https://t.co/gsYGpJhRXu",68
213,13,warriors,26270913,1987,2019-03-05 17:44:00,"#DubNation, please join us in wishing Assistant Coach Mike Brown a Happy Birthday ğŸ‰ https://t.co/fMdwaVvmjU",186
214,14,warriors,26270913,1202,2019-03-05 16:43:00,"Back on #WarriorsGround ğŸ’ª

Dubs vs. Celtics, presented by @Chase https://t.co/x8OUsdSuuB",201
215,15,warriors,26270913,1296,2019-03-05 00:45:00,"Top of the league in scoring ğŸ’¥ 

By the Numbers, presented by @zoom_us, takes a look into the Dubs scoring stats ğŸ”¢ https://t.co/mW5p5uf2hU",189
216,16,warriors,26270913,472,2019-03-04 23:33:01,".@_Alvo_ goes one-on-one with a Dubs fan for a game of HOME in the @realtordotcom Home Court Challenge.

Watch to sâ€¦ https://t.co/l6Ai7RTlVy",64
217,17,warriors,26270913,3947,2019-03-04 21:30:12,Back to W O R K ğŸ’ª https://t.co/gxCo0wYady,384
218,18,warriors,26270913,765,2019-03-04 20:01:00,"Defense ğŸ‘‰offense for the Dubs

Defensive Plays of the Week, presented by @CyberPolicy_com https://t.co/OjgH4QkBUu",107
219,19,warriors,26270913,585,2019-03-04 17:42:05,The Dubs and @DoorDash hooked up some lucky fans with food and swag from guest dasher @1jordanbell ğŸ¤— https://t.co/WpIfiwXh6O,74
220,20,warriors,26270913,4389,2019-03-04 17:33:25,"#DubNation, join us in wishing @Money23Green a Happy Birthday! https://t.co/gT98guxzn7",621
221,21,warriors,26270913,3105,2019-03-03 21:23:00,#SPLASH ğŸ’¦ HIGHLIGHTS https://t.co/VAG4azFVou,479
222,22,warriors,26270913,1311,2019-03-03 18:48:02,"scenes from the dub

ğŸ“¸https://t.co/GyvrjDmiNS https://t.co/YeaiRuSgxJ",154
223,23,warriors,26270913,1014,2019-03-03 17:28:00,"Ended up on top ğŸ’ª

#JBLxGSW with the top moments from the win âœ”ï¸ https://t.co/5AFG1ZD2jl",125
224,24,warriors,26270913,765,2019-03-03 06:01:01,"A close win in Philly wrapped up the Dubs' latest East Coast swing.

Full game recap â¬‡ï¸
https://t.co/zBuH9mTd5x",88
225,25,warriors,26270913,1885,2019-03-03 05:33:00,"What a dish by Dray. ğŸ‘€

It's the Assist of the Night, presented by State Farm https://t.co/z0DH7XoGfL",193
226,26,warriors,26270913,1174,2019-03-03 05:10:25,"Primetime win ğŸ”¥

Relive the excitement in tonight's Game Rewind, presented by @Verizon. https://t.co/uY0G0RzvLK",148
227,27,warriors,26270913,5863,2019-03-03 04:37:06,ğŸ‘ğŸ‘ğŸ‘ https://t.co/vyu5lH2D50,761
228,28,warriors,26270913,3566,2019-03-03 04:19:20,"Final ğŸ“Š

KD: 34p/5r/5a
Steph: 28p/4s/4r/2a
DeMarcus: 25p/8r/2s
Damion: 12p/2s/2r
Draymond: 10a/9r/6p/3s
Andre: 6p/4â€¦ https://t.co/Vz5LR2R0jG",602
229,29,warriors,26270913,9291,2019-03-03 04:10:46,"grabbed the dub, let's go home. https://t.co/5v572cFNM4",1745
230,30,warriors,26270913,1221,2019-03-03 03:58:08,"UP
UP
UP https://t.co/nos86Soct4",157
231,31,warriors,26270913,3457,2019-03-03 03:55:10,beautiful. https://t.co/fN1q1COZHN,521
232,32,warriors,26270913,920,2019-03-03 03:52:38,"ğŸ”” GET OUTTA HERE ğŸ””

ğŸ“º #NBAonABC https://t.co/G9ivxZGdOt",133
233,33,warriors,26270913,3759,2019-03-03 03:51:53,up to somethin' https://t.co/RVciDZ0n0T,577
234,34,warriors,26270913,946,2019-03-03 03:40:03,"Third straight 20+ point game for Boogie ğŸ¤«

ğŸ“º #NBAonABC https://t.co/Y1UuBd3Ccx",131
235,35,warriors,26270913,0,2019-03-03 03:34:29,RT @WarriorsPR: DeMarcus Cousins has his third-straight 20-point game (fourth this season) with 20 points on 7-of-13 from the field.,166
236,36,warriors,26270913,1365,2019-03-03 03:27:25,"ğŸ’¦ KEEP 'EM COMING ğŸ’¦

ğŸ“º #NBAonABC https://t.co/kodDQYHrTh",165
237,37,warriors,26270913,1251,2019-03-03 03:21:56,.@Dami0nLee knockin' em down ğŸ’¦ https://t.co/Cg7n5J038v,145
238,38,warriors,26270913,880,2019-03-03 03:18:45,"KD #SPLASHğŸ’¦ gives him 25 (so far) this evening

ğŸ“º #NBAonABC https://t.co/tKdnYeOsWt",128
239,39,warriors,26270913,1649,2019-03-03 03:02:33,"silky smooth

ğŸ“º #NBAonABC https://t.co/2QAqD8oXaW",211
240,40,warriors,26270913,2487,2019-03-03 03:01:02,ğŸ—£ GO AHEAD THEN STEPH https://t.co/n80rZv5k0M,280
241,41,warriors,26270913,977,2019-03-03 02:58:55,"Damion #SPLASHğŸ’¦

ğŸ“º #NBAonABC https://t.co/6XdVXCOOHS",134
242,42,warriors,26270913,1814,2019-03-03 02:48:09,"first half
v i e w s https://t.co/agaYFHkGxh",195
243,43,warriors,26270913,951,2019-03-03 02:21:37,"That dish to dunk, though ğŸ‘€

ğŸ“º #NBAonABC https://t.co/HTF3uQyJRO",150
244,44,warriors,26270913,1418,2019-03-03 02:06:33,KD with 13 points early ğŸ”¥ğŸ”¥ğŸ”¥ https://t.co/gRnCfXCYHC,156
245,45,warriors,26270913,630,2019-03-03 02:01:21,"Check in and go to work, @1jordanbell ğŸ‘Œ

ğŸ“º #NBAonABC https://t.co/cpu7I6j2rL",82
246,46,warriors,26270913,1579,2019-03-03 01:49:35,"Steph #SPLASHğŸ’¦

ğŸ“º #NBAonABC https://t.co/diLi6NzJo7",258
247,47,warriors,26270913,1002,2019-03-03 01:41:02,Game. On. #DubNation,191
248,48,warriors,26270913,845,2019-03-03 01:39:12,Starters in Philly â¬‡ï¸ https://t.co/XUPDQPHDxC,143
249,49,warriors,26270913,0,2019-03-03 00:47:42,"RT @NBA: Quinn Cook x Jordan Bell pregame in Philly!

ğŸ€: #HereTheyCome x #DubNation
â°: 8:30pm/et  ğŸ“º: #NBAonABC https://t.co/yexgKEFNRM",129
250,50,warriors,26270913,0,2019-03-03 00:37:26,"RT @WarriorsPR: Injury report for tonight's game at Philadelphia: Klay Thompson (right knee soreness), Kevon Looney (right pelvic soreness)â€¦",123
251,51,warriors,26270913,849,2019-03-03 00:30:00,"ğŸ€ GSW vs. PHI
ğŸ•“ 5:30 PM
ğŸ“º ABC
ğŸ“» 95.7 The Game
ğŸ“± https://t.co/ZkjPJjiF76 
ğŸ—’ï¸ https://t.co/0xqon6dV5e https://t.co/u4YChPowHM",112
252,52,warriors,26270913,1655,2019-03-02 21:52:00,"March 2, 1962. 

Wilt Chamberlain dropped 100 points &amp; grabbed the win. 

57 years later, he still holds the recordâ€¦ https://t.co/VHck3WlNFu",325
253,53,warriors,26270913,3748,2019-03-02 19:30:08,"Congrats on 100 career titles, @rogerfederer ğŸ†

#RF100 https://t.co/IcWm2cYauv",622
254,54,warriors,26270913,573,2019-03-02 18:45:00,"Dubs. Sixers.

Here's what you need to know â¬‡ï¸

https://t.co/HFVoxJY41F",66
255,55,warriors,26270913,2701,2019-03-02 17:11:00,"Grattis pÃ¥ fÃ¶delsedagen, @JonasJerebko! ğŸ‡¸ğŸ‡ªğŸ‰

#DubNation https://t.co/efI9iwxbvK",247
256,56,warriors,26270913,1514,2019-03-02 16:37:00,#DubNation heads to the City of Brotherly Love https://t.co/l2V9iHLool,205
257,57,warriors,26270913,1054,2019-03-02 03:44:00,"Dubs close out the road trip with some Saturday night hoops

Get ready â¤µï¸

https://t.co/0xqon5WkdG",102
258,58,warriors,26270913,718,2019-03-01 22:14:00,"â€œWeâ€™re living in a time where women are making these incredible strides.â€œ

When @GSWDanceTeam member Anisha isnâ€™t oâ€¦ https://t.co/jd1lLLBbnJ",75
259,59,warriors,26270913,657,2019-03-01 18:42:00,"""What we're building here is a piece of Warriors history and a piece of basketball history. Something that's uniqueâ€¦ https://t.co/kbPMxeHb8G",114
260,60,warriors,26270913,694,2019-03-01 04:21:29,"Game three of the East Coast road swing is in the books.

https://t.co/UfV7R5u0s8",62
261,61,warriors,26270913,638,2019-03-01 02:56:35,"Dubs drop a hard-fought game in Orlando.

See more in the Game Rewind, presented by @Verizon https://t.co/yUlOHYMsqx",84
262,62,warriors,26270913,1085,2019-03-01 02:28:20,"Final ğŸ“Š

Stephen: 33p/8r/6a
DeMarcus: 21p/11r/2a/1s/1b
Klay: 21p/3r
Draymond: 5p/6r/3a/1s/1b
Jordan: 6p/8r/1a
Alfonâ€¦ https://t.co/QrCgEVTxpc",161
263,63,warriors,26270913,2921,2019-03-01 02:16:32,Tough one in Orlando. https://t.co/Ic3v6BIxS8,360
264,64,warriors,26270913,2620,2019-03-01 02:11:35,A N G L E S https://t.co/v54kLvgmhH,346
265,65,warriors,26270913,0,2019-03-01 01:51:43,RT @WarriorsPR: DeMarcus Cousins has his second-straight 20-point/10-rebound game and fifth-straight double-double with 21 points and 10 boâ€¦,117
266,66,warriors,26270913,806,2019-03-01 01:50:21,"spin cycle ğŸ”„

ğŸ“º @NBCSAuthentic https://t.co/Y4c77Pv173",114
267,67,warriors,26270913,5521,2019-03-01 01:41:30,3âƒ£0âƒ£ for 3âƒ£0âƒ£ https://t.co/TBT2UALJHr,827
268,68,warriors,26270913,837,2019-03-01 01:34:20,https://t.co/2qHp3V70rF,63
269,69,warriors,26270913,1344,2019-03-01 01:31:48,"flex on 'em, Draymond ğŸ’ª

ğŸ“º @NBCSAuthentic https://t.co/ZV01TwABPq",127
270,70,warriors,26270913,635,2019-03-01 01:27:27,"ğŸ—£ GET OUT THE WAY

ğŸ“º @NBCSAuthentic https://t.co/OmdzIvbPPA",92
271,71,warriors,26270913,612,2019-03-01 01:21:05,"Draymond opens the half with a #SPLASHğŸ’¦

ğŸ“º @NBCSAuthentic https://t.co/WsEhAULgVL",80
272,72,warriors,26270913,705,2019-03-01 01:06:54,Views from the first half ğŸ“¸ https://t.co/tZVZ8nPzoU,83
273,73,warriors,26270913,794,2019-03-01 01:02:23,Back-to-back buckets for Klay ğŸ”¥ https://t.co/lRNi8hidhv,105
274,74,warriors,26270913,598,2019-03-01 00:59:48,"tasty dish ğŸ½

ğŸ“º @NBCSAuthentic https://t.co/d6Ai1xp3iq",84
275,75,warriors,26270913,1427,2019-03-01 00:35:37,"Steph's making things happen tonight ğŸ’ª

ğŸ“º @NBCSAuthentic https://t.co/I2ewxSZk6q",218
276,76,warriors,26270913,1714,2019-03-01 00:30:27,"Second #SPLASHğŸ’¦ so far tonight for Steph 

ğŸ‘¨â€ğŸ³

ğŸ“º @NBCSAuthentic https://t.co/OievchMfks",213
277,77,warriors,26270913,3108,2019-03-01 00:27:10,Chef's cookin' https://t.co/H724rPCKJP,368
278,78,warriors,26270913,846,2019-03-01 00:16:18,"early Klay #SPLASHğŸ’¦

ğŸ“º @NBCSAuthentic https://t.co/WoQnb0u43q",132
279,79,warriors,26270913,697,2019-03-01 00:11:12,Game. On. #DubNation,141
280,80,warriors,26270913,938,2019-03-01 00:07:20,Tonight's starting ğŸ–ï¸: https://t.co/Qjp8XVSqIl,146
281,81,warriors,26270913,614,2019-02-28 23:45:16,"Ya'll ready for this?

Stream it live: https://t.co/FnOPCZszG5 https://t.co/LJigMpM4B9",84
282,82,warriors,26270913,2870,2019-02-28 23:09:20,"#DubNation, it's almost that time again https://t.co/HrDai4QrAI",316
283,83,warriors,26270913,500,2019-02-28 23:00:00,"ğŸ€ GSW at ORL
ğŸ•“ 4 PM
ğŸ“º @NBCSAuthentic 
ğŸ“» @957thegame 
ğŸ“± https://t.co/ZkjPJjiF76  
ğŸ—’ï¸ https://t.co/jQlgrAP8uc https://t.co/Ru8DSpkEwV",67
284,84,warriors,26270913,989,2019-02-28 21:28:00,"Last time the Dubs took on the Magic, KD went OFF for 49 points &amp; Klay dropped 19 in the fourth for a comeback win.â€¦ https://t.co/pUhhRyt7kq",148
285,85,warriors,26270913,1201,2019-02-28 20:35:00,"B U C K E T S 

Dubs have led the @NBA in Offensive Rating three of the past four seasons.

Behind the Data xâ€¦ https://t.co/FcOy9LLWqn",137
286,86,warriors,26270913,0,2019-02-28 19:24:56,"RT @WarriorsPR: Injury report for tonightâ€™s game at Orlando: Jonas Jerebko (right quad contusion) is probable. Kevin Durant (rest), Andre Iâ€¦",109
287,87,warriors,26270913,826,2019-02-28 19:21:00,"Hoop and the harm

Dubs knocked down THREE and-1 trey balls last night in Miami ğŸ’ª https://t.co/0S8kpKnFZ3",117
288,88,warriors,26270913,486,2019-02-28 18:11:17,"Study up for tonight's matchup with the Magic â¤µï¸

https://t.co/jQlgrAP8uc",49
289,89,warriors,26270913,1724,2019-02-28 17:03:01,"Dubs. Magic.

It's going down tonight in Orlando ğŸ’¯ https://t.co/s3idNqGPuO",191
290,90,warriors,26270913,477,2019-02-28 04:25:00,"Full 48 minutes of action.

Game recap ğŸ‘‡
https://t.co/PaeETP9hjI",65
291,91,warriors,26270913,667,2019-02-28 04:10:47,"Dubs' comeback falls just short.

@Verizon has it all in the Game Rewind âª https://t.co/TwGmsejaE0",87
292,92,warriors,26270913,1378,2019-02-28 03:18:35,"Final ğŸ“Š

Klay: 36p/3s/2r
KD: 29p/5r/5a
Steph: 24p/6r/4a
Jordan: 10p/6r/2a
Quinn: 8p/2r
Jonas: 6p/3r
Kevon: 6r/2a
Drâ€¦ https://t.co/toXm9YXVVS",223
293,93,warriors,26270913,7864,2019-02-28 03:15:56,ğŸ¤œğŸ¤› https://t.co/6kRwqzOPIu,1226
294,94,warriors,26270913,14493,2019-02-28 03:14:36,"Respect, @DwyaneWade https://t.co/OjdAWnPepH",2582
295,95,warriors,26270913,829,2019-02-28 03:06:32,ğŸ¿ğŸ¿ğŸ¿ https://t.co/cEXhHDJgcH,111
296,96,warriors,26270913,1337,2019-02-28 02:58:16,"seventh #SPLASH ğŸ’¦ for Klay 

(and counting) https://t.co/5swB9q1zER",139
297,97,warriors,26270913,1964,2019-02-28 02:57:17,"OH MY GOODNESS

ğŸ“º  @NBCSAuthentic https://t.co/BwIl3JKeg0",311
298,98,warriors,26270913,0,2019-02-28 02:56:58,"RT @WarriorsPR: Klay Thompson has his 10th 30-point game of the season with 36 points, hitting 14-of-22 from the field and 7-of-14 from thrâ€¦",197
299,99,warriors,26270913,3850,2019-02-28 02:54:45,K L A Y https://t.co/RjKQUtYqri,414
