,User_Name,id,likes,date,posts,retweets
0,KingJames,23083404,35990,2019-03-07 01:53:05,Canâ€™t even front. This is going to be UNREAL!! Wow man,7822
1,KingJames,23083404,35961,2019-03-04 08:24:07,ğŸ”¥ğŸ”¥ğŸ”¥ğŸ”¥ğŸ”¥ğŸ”¥ğŸ”¥ğŸ”¥ğŸ”¥ğŸ”¥ Filay game on another level https://t.co/LhKKv3bOiv,5949
2,KingJames,23083404,39200,2019-03-01 22:53:53,Nothing like Pure Love!! #ThekidfromAKRONğŸ‘‘ https://t.co/hoZBniQWR4,6295
3,KingJames,23083404,4426,2019-03-01 17:46:53,Thank you David Levy for believing in @uninterrupted and also serving on the board too! Looking forward to whatâ€™s iâ€¦ https://t.co/jzfQX6dc5r,294
4,KingJames,23083404,10906,2019-03-01 17:44:01,"Thank you Richard Plepler for all your support and friendship.  You believed in The Shop, our Ali doc and so many mâ€¦ https://t.co/BKD39HMFr1",661
5,KingJames,23083404,0,2019-02-28 19:46:40,"RT @uninterrupted: â€œYou can tell the narrative changes when you donâ€™t do what they want you to doâ€ - @kingjames

#TheShopHBO out tomorrow!â€¦",2813
6,KingJames,23083404,49480,2019-02-28 08:05:26,Good to have you in the building tonight MVP!! ğŸ™ğŸ¾ https://t.co/9qvrowSqPv,4486
7,KingJames,23083404,0,2019-02-28 01:36:55,"RT @uninterrupted: Today 70 kids at @ipromiseschool got to experience their own version of The Shop in celebration of #BHM. ğŸ’ˆâœ‚ï¸ â£
â£
â€œThe moâ€¦",865
8,KingJames,23083404,0,2019-02-28 01:36:51,RT @LJFamFoundation: @IPROMISESchool @KingJames Looking AMAZING ğŸ¤©,41
9,KingJames,23083404,0,2019-02-28 01:36:49,"RT @IPROMISESchool: As part of our #BHM celebration, 10 Barbers from Akron &amp; Cleveland joined us at IPS for ğŸ’ˆ Family Fresh Cuts ğŸ’ˆ where neaâ€¦",235
10,KingJames,23083404,0,2019-02-28 01:36:47,RT @IPROMISESchool: Look good ğŸ’‡ğŸ¾â€â™‚ï¸ Feel good ğŸ˜ Study good ğŸ‘¨ğŸ¾â€ğŸ“ https://t.co/jGn3PN9jT5,267
11,KingJames,23083404,12986,2019-02-27 19:35:14,ğŸ‘ğŸ¾ğŸ‘ğŸ¾ğŸ‘ğŸ¾ My Brother so dope!! ğŸ—£ğŸ—£ Congratsâ€¼ï¸â€¼ï¸â€¼ï¸ https://t.co/dqgTfn5hiH,1056
12,KingJames,23083404,42058,2019-02-24 18:40:47,How about thatâ€™s CRAZY ğŸ”¥ğŸ”¥ğŸ”¥ğŸ”¥ğŸ”¥ğŸ”¥ğŸ”¥ğŸ”¥ğŸ”¥ğŸ”¥ğŸ”¥ğŸ”¥!!!!! #KeepGoing https://t.co/QuakZ0u6Cs,6540
13,KingJames,23083404,28320,2019-02-23 22:09:57,@RomeTrav Privately?? Nah bro itâ€™s not even in private anymore. Publicâ€¼ï¸â€¼ï¸â€¼ï¸,3387
14,KingJames,23083404,59736,2019-02-23 01:19:55,A real honor to have someone of your stature and legacy feel that way about me! Truly appreciative you ğŸ™ğŸ¾â€¼ï¸â€¼ï¸â€¼ï¸ https://t.co/b33vcupcgQ,9215
15,KingJames,23083404,138478,2019-02-22 19:41:46,Mark those ğŸ“† right now!! This is going to be EPIC in the making! 7â€¢16â€¢2021 ğŸ’¡ ğŸ¥ ğŸ¬!!! https://t.co/lN9hdmcaTM,33957
16,KingJames,23083404,0,2019-02-21 19:47:24,"RT @HBO: Pull up a chair, #TheShopHBO is back.
 
LeBron and Mav sit down with an all-new crew, including Anthony Davis, Antonio Brown, Meekâ€¦",935
17,KingJames,23083404,32849,2019-02-21 19:45:09,You wonâ€™t wanna miss this episode Iâ€™m telling you!! ğŸ—£ğŸ—£ #TheShop ğŸ’ˆ https://t.co/7Z4NmAXN6Q,5418
18,KingJames,23083404,117734,2019-02-21 02:24:51,Hope young fella is ok! Literally blew thru his ğŸ‘Ÿ. ğŸ™ğŸ¾,13046
19,KingJames,23083404,0,2019-02-20 17:17:20,"RT @SpringHillEnt: HONORED!!!! @SpringHillEnt is listed on @FastCompanyâ€™s Most Innovative Companies 2019

Weâ€™re just getting started! #FCMoâ€¦",94
20,KingJames,23083404,0,2019-02-20 17:17:14,RT @IPROMISESchool: and who better to help interview and identify those people &amp; what it means to keep a #IPROMISE than our own students.â€¦,97
21,KingJames,23083404,0,2019-02-20 17:17:10,"RT @IPROMISESchool: We consider it a privilege and an honor to educate our students and spend time with our families. 

As we prepare to grâ€¦",177
22,KingJames,23083404,45958,2019-02-20 04:42:05,Super tough bro!! Gone miss that s*^t and you @DwyaneWade! https://t.co/tILPLdmwzm,4980
23,KingJames,23083404,0,2019-02-19 17:17:57,"RT @uninterrupted: The countdown to March 1st is officially on!

@2Chainz x @kingjames sit down for an exclusive in-depth conversation on @â€¦",1370
24,KingJames,23083404,152446,2019-02-19 16:35:59,ğŸ‘‘ x âš¡ï¸= ğŸ™ğŸ¾ https://t.co/NcEHI6htrH,26899
25,KingJames,23083404,9709,2019-02-19 16:32:32,#RatPack âœŠğŸ¾ https://t.co/43YqNdnB7J,799
26,KingJames,23083404,0,2019-02-15 23:47:04,RT @LJFamFoundation: Thank you @MovementSchools &amp; @samaritans_feet for allowing us to spend time with your All-Stars â­ï¸ &amp; for welcoming usâ€¦,122
27,KingJames,23083404,0,2019-02-15 23:47:01,"RT @LJFamFoundation: Through the gift of shoes &amp; act of washing feet, our Ambassadors reflected on the importance of serving others in needâ€¦",131
28,KingJames,23083404,0,2019-02-15 23:46:58,"RT @LJFamFoundation: Our 330 Ambassadors have brought the Akron â¤ï¸ to Charlotte, NC as part of @KingJamesâ€™ mission during #NBAAllStar to leâ€¦",216
29,KingJames,23083404,59914,2019-02-13 23:49:20,Welcome back bro @isaiahthomas! Happy for you. ğŸ™ğŸ¾âœŠğŸ¾ #SlowGrind,4603
30,KingJames,23083404,93288,2019-02-12 21:18:08,21 ğŸ™ğŸ¾âœŠğŸ¾,13282
31,KingJames,23083404,5238,2019-02-09 20:54:43,300 ğŸ”¥ğŸ• spots and nowhere close to done yet â€¼ï¸â€¼ï¸ @blazepizza Happy #NationalPizzaDay too https://t.co/tx5YgMV275,468
32,KingJames,23083404,88902,2019-02-09 20:42:08,ğŸ¤¦ğŸ¾â€â™‚ï¸!! Straight up Coward man. https://t.co/HZRjXcQyGA,22377
33,KingJames,23083404,33947,2019-02-08 00:43:38,@BenSimmons25 @wojespn He probably needed a nap after the deadline! ğŸ¤£ğŸ¤·ğŸ¾â€â™‚ï¸,2715
34,KingJames,23083404,17295,2019-02-07 05:10:14,Major S/O my @OregonWBB Squad!!! Saw that ğŸ”¥ğŸ”¥ğŸ”¥ğŸ”¥ğŸ”¥ğŸ”¥ that came yâ€™all way today. You already know how we get down. Takeâ€¦ https://t.co/yKBjkVCLkN,1921
35,KingJames,23083404,57930,2019-02-07 01:10:18,ğŸ”¥ğŸ”¥ğŸ”¥ğŸ”¥ğŸ”¥ğŸ”¥ğŸ”¥ğŸ‘‘ #StriveforgreatnessğŸš€ https://t.co/BvBUcyQbS0,9375
36,KingJames,23083404,0,2019-02-07 00:45:14,"RT @IPROMISESchool: Happy National Girls and Women in Sports Day! ğŸ¤ºâ›¹ğŸ¾â€â™€ï¸ğŸ‹ï¸â€â™€ï¸ 

Weâ€™ve had some pretty amazing &amp; inspirational women in sporâ€¦",338
37,KingJames,23083404,47741,2019-02-07 00:44:58,I know you are kid and thatâ€™s why I LOVE YOU Leeshawn!! ğŸ™ğŸ¾â¤ï¸ğŸ‘‘ https://t.co/v3QE3gF9Q5,3655
38,KingJames,23083404,6043,2019-02-05 21:51:23,Yo @CuffsTheLegend Man whatâ€™s going on here?!?!?! ğŸ¤¦ğŸ¾â€â™‚ï¸. Talk to me please! ğŸ¤¡ â€˜s coming a city near you https://t.co/I6Sp6OcAIR,768
39,KingJames,23083404,0,2019-02-05 21:50:05,"RT @LJFamFoundation: Congratulations to @russ25coop, one of @KingJames 330 Ambassadors, on his commitment to Gannon University âš”ï¸ We are veâ€¦",74
40,KingJames,23083404,0,2019-02-05 21:49:58,RT @IPROMISESchool: @LJFamFoundation @KingJames Happy Birthday Ms. James â˜ºï¸â¤ï¸,92
41,KingJames,23083404,36004,2019-02-05 18:45:26,MAMA!!!!!! Happy Birthday Queen of Queens Gloria Marie James!!! Love Love Love everyday all day on the earth and beâ€¦ https://t.co/moOXOaaxLz,3103
42,KingJames,23083404,68926,2019-02-04 21:35:52,"Then to the game. At the end of the day yes we all wanted more fireworks, points, etc etc but as a competitor and fâ€¦ https://t.co/6vt7rmEJde",7575
43,KingJames,23083404,21493,2019-02-04 21:32:25,Recap of Super Bowl Sunday. The commercials were pretty good(NFL 100 spot and @MillionDollar spot tops the chart).â€¦ https://t.co/krLWd7L2pj,1385
44,KingJames,23083404,240988,2019-02-04 03:13:00,Brady the ğŸ!! ğŸ’ğŸ’ğŸ’ğŸ’ğŸ’ğŸ’.,56043
45,KingJames,23083404,88445,2019-02-04 01:51:07,"Man where Shams, Woj, Haynes, McMenamin at????.... ğŸ¤·ğŸ¾â€â™‚ï¸",20420
46,KingJames,23083404,116942,2019-02-04 01:21:04,Thatâ€™s was AMAZING!!! Got me so hyped I wanted to be in it too! Kudos ğŸ‘ğŸ¾ https://t.co/NsCQK8IKUX,17980
47,KingJames,23083404,71439,2019-02-04 01:17:59,Me next year at halftime show! NOT!! ğŸ¤£ğŸ¤£ğŸ¤£ğŸ¤£ğŸ¤£ğŸ¤£ğŸ¤£ https://t.co/lcUAqJgWNM,13231
48,KingJames,23083404,97624,2019-02-04 01:16:00,Soooooooo...... This halftime show though. Thatâ€™s all for Travis or nah?!?!?! ğŸ¤¨,15165
49,KingJames,23083404,630,2019-02-04 00:58:30,@MillionDollar is here!!! ğŸƒğŸ¾â€â™‚ï¸ğŸƒğŸ¾â€â™€ï¸ğŸ’¨ğŸ’¨ Whoâ€™s ready to run?! @springhillent @timtebow @mariataylor @mattmoneysmith https://t.co/guKzpw2fAU,148
50,KingJames,23083404,27425,2019-02-03 04:58:27,MY GUY â€œW-MOâ€!!!!! Congratulations brother https://t.co/LuTLlXkPbZ,2019
51,KingJames,23083404,104554,2019-02-03 00:13:47,ğŸ™ğŸ¾ğŸ’¯â€¼ï¸â€¼ï¸â€¼ï¸â€¼ï¸â€¼ï¸ https://t.co/TVzN571mb0,11720
52,KingJames,23083404,7629,2019-02-01 18:53:54,Feels good to be back ğŸ’ªğŸ¾ğŸ˜¤ Only way to be out 5 weeks and come back to play 40 mins is to have my 1-2 punch by my siâ€¦ https://t.co/dhp8T4G9kj,726
53,KingJames,23083404,55831,2019-02-01 18:46:13,Happy to share the floor with my guys again!! Miss them and the game itself so much!! ğŸ‘‘ https://t.co/OAIOR8pGqS,6872
54,KingJames,23083404,24223,2019-02-01 18:41:12,Couldnâ€™t have agreed more!!!! CONGRATULATIONS @DwyaneWade @swish41!! Looking forward to sharing that stage with yâ€™aâ€¦ https://t.co/0jDevOtQvX,3165
55,KingJames,23083404,17214,2019-02-01 00:34:36,Yes sir!!!! Rumble young man rumble! @KlutchSports @BenSimmons25 https://t.co/obnc9c3ZA9,1739
56,KingJames,23083404,3810,2019-02-01 00:17:51,@tkelce @uninterrupted ğŸ”¥ğŸ”¥ğŸ”¥ğŸ”¥ğŸ”¥ğŸ”¥ kicks I see too ğŸ‘€,150
57,KingJames,23083404,38,2019-01-31 05:18:39,@BrysonAdair @EricZHowell Some?? A TON,6
58,KingJames,23083404,67771,2019-01-28 23:14:59,Happy Gday brother!! Keep being you and leading ones who look for inspiration from you! Many lost ones but having yâ€¦ https://t.co/rcOOcXMTPD,9123
59,KingJames,23083404,38781,2019-01-28 06:20:51,Welcome back bro!!! ğŸ’ªğŸ¾ğŸ™ğŸ¾âœŠğŸ¾ğŸ’¯ https://t.co/IyH7Dknz9s,2693
60,KingJames,23083404,43389,2019-01-28 06:20:04,Make it Dance Lance!! Bring the ğŸ¸ out on they necks!! ğŸ¤£ğŸ¤£ğŸ¤£ğŸ¤£ğŸ¤£@StephensonLance https://t.co/B74NTQOt2G,4464
61,KingJames,23083404,10776,2019-01-28 06:18:53,My Brothers!!! 50% of the #BrotherhoodâœŠğŸ¾ https://t.co/n9inB3qdzC,1008
62,KingJames,23083404,48833,2019-01-28 03:50:22,Well deserved!!! ğŸ‘ğŸ¾ğŸ™ğŸ¾â€¼ï¸â€¼ï¸â€¼ï¸â€¼ï¸@carmeloanthony https://t.co/awReCCl6ZF,5347
63,KingJames,23083404,18562,2019-01-27 20:07:31,My Dog!!! ğŸ’ªğŸ¾ğŸ˜¤ https://t.co/yVJF19Nt65,1376
64,KingJames,23083404,78429,2019-01-26 17:25:48,Best in game and dunker period point blank!! https://t.co/J8aWO57uzH,11252
65,KingJames,23083404,55677,2019-01-25 23:49:15,ğŸ™ğŸ¾ğŸ‘‘ğŸ¤«ğŸ¤£â€¼ï¸â€¼ï¸â€¼ï¸ https://t.co/lt0j5REsFR,6002
66,KingJames,23083404,120546,2019-01-25 00:53:19,FACTS!!! ğŸ—£ğŸ—£ğŸ—£ğŸ—£ https://t.co/dL4RIVy4Kt,26891
67,KingJames,23083404,63469,2019-01-24 01:16:54,ğŸ™ğŸ¾â€¼ï¸â€¼ï¸â€¼ï¸â€¼ï¸â€¼ï¸â€¼ï¸â€¼ï¸ @VicOladipo,9497
68,KingJames,23083404,0,2019-01-24 01:02:27,RT @BlazePizza: $10 = 2 pepperoni pizzas...this deal is 2 good 2 pass up! Order yours now! https://t.co/T1gDC6J7p5 https://t.co/Jt8ZGhzYmT,155
69,KingJames,23083404,117601,2019-01-23 06:33:43,âœˆï¸ â€¼ï¸â€¼ï¸â€¼ï¸ https://t.co/km0GJ2FaWX,19439
70,KingJames,23083404,0,2019-01-22 06:17:38,RT @IPROMISESchool: #WeAreFamily #MLKDay https://t.co/t4KCIvIXOi,333
71,KingJames,23083404,0,2019-01-22 06:17:33,RT @NBAonTNT: .@realgranthill33 went to @KingJames' @IPROMISESchool to spend time with 3rd &amp; 4th graders to learn what #MLKDay means to theâ€¦,566
72,KingJames,23083404,23008,2019-01-21 16:19:25,"â€œLifeâ€™s most persistent and urgent question is, â€˜What are you doing for others?â€™â€-Dr. King âœŠğŸ¾ When you believe in sâ€¦ https://t.co/eKAYsx3iQ2",4787
73,KingJames,23083404,0,2019-01-20 23:31:57,RT @Lakers: #LAallday https://t.co/tFlxnUPn7l,3661
74,KingJames,23083404,75928,2019-01-20 23:30:11,On another note. Them ğŸ¦“â€™s be on some ğŸ—‘. Hate to see that happen in such a great game! ğŸ¤¦ğŸ¾â€â™‚ï¸,14752
75,KingJames,23083404,45566,2019-01-20 23:28:19,Congrats @RamsNFL on punching your tix to the Super Bowl!!!!! #NFCChamps #LAUnitesTogether,6671
76,KingJames,23083404,71376,2019-01-18 05:21:59,YesSir Men!!! Helluva WIN!!! @Lakers #LakeShow,14380
77,KingJames,23083404,64000,2019-01-18 05:20:35,Zuuuuuuuuuuuuuuuuuuuuuuuuuuuuuuuu!!!!!!!!!!! @ivicazubac,8620
78,KingJames,23083404,65214,2019-01-18 05:08:51,So what really is â€œin the shooting motionâ€ rule?!?!? Asking for a friend @OfficialNBARefs ğŸ¤”,9799
79,KingJames,23083404,0,2019-01-17 23:04:55,"RT @IPROMISESchool: With a private performance &amp; special meal from @MyPiada to closeâ€¦it was quite the special day in Akron, Ohio! 

#IPROMIâ€¦",128
80,KingJames,23083404,0,2019-01-17 23:04:53,"RT @IPROMISESchool: Dressed in their Sundayâ€™s best, our 4th graders spent the day with @akronsymphony as part of our Integrated Community Lâ€¦",105
81,KingJames,23083404,0,2019-01-17 23:04:50,RT @IPROMISESchool: When @kingjames says he wants his kids to experience the Orchestraâ€¦they experience the Orchestra! https://t.co/Flizh9G8â€¦,442
82,KingJames,23083404,33335,2019-01-17 19:07:53,@NickSwagyPYoung @SLAMonline Hahaha! My bad homie ğŸ¤·ğŸ¾â€â™‚ï¸,2142
83,KingJames,23083404,17611,2019-01-16 06:32:13,@CuffsTheLegend ğŸ¤£ğŸ¤£ğŸ¤£ğŸ¤£ğŸ¤£ğŸ¤£ğŸ¤£ Or â€œthatâ€™s a foul!â€ Every single time down the floor,1099
84,KingJames,23083404,7556,2019-01-15 16:04:43,@BrysonAdair Hahaha! They do it every single day homie! ğŸ¤¦ğŸ¾â€â™‚ï¸ #lames,814
85,KingJames,23083404,25578,2019-01-15 03:25:21,"The homie say it ainâ€™t many of us, I told him less is more, itâ€™s plenty of us! 330 boys! ğŸ™ğŸ¾ğŸ’¯ğŸ‘‘ https://t.co/NDukdzygSD",3068
86,KingJames,23083404,0,2019-01-14 16:54:55,RT @LJFamFoundation: 10 years fly when youâ€™re having fun! ğŸ™Œ From hosting a 1-day Bikeathon ğŸš²event for kids in Akron to re-shaping the visioâ€¦,375
87,KingJames,23083404,76529,2019-01-13 07:45:14,YesSir!!! Congrats my brother! ğŸ‘ğŸ¾ğŸ™ğŸ¾ https://t.co/fkL8wGRgfH,5053
88,KingJames,23083404,0,2019-01-12 20:26:45,"RT @IPROMISESchool: #IPROMISE to live an active &amp; healthy lifestyle ğŸ’ª How about a 7,200m Row ğŸš£â€â™€ï¸ 7,200m Ski â›·&amp; 10,560â€™ Climb ğŸ§—â€â™€ï¸ to startâ€¦",169
89,KingJames,23083404,0,2019-01-12 20:26:41,"RT @IPROMISESchool: Our #IPROMISE Trainers, Sculpt Fitness rallied teams from our Northeast Ohio community &amp; IPS Staff to embark on this atâ€¦",66
90,KingJames,23083404,8856,2019-01-12 20:26:32,ğŸ’ªğŸ¾ğŸ’ªğŸ¾ğŸ’ªğŸ¾ğŸ’ªğŸ¾ https://t.co/gyZzS4IYVd,575
91,KingJames,23083404,41780,2019-01-09 20:48:12,Lite work nephew!! #FamilyTies https://t.co/TjI6Ieb5eO,4224
92,KingJames,23083404,0,2019-01-09 03:13:30,RT @SpringHillEnt: ğŸ‘‘ https://t.co/F3JXe8Ju8w,790
93,KingJames,23083404,60830,2019-01-07 20:27:39,Tough mixtape!! But know only shoes he has to fill is his own ğŸ™ğŸ¾ #JamesGangğŸ‘‘ https://t.co/yXywrYJT48,10849
94,KingJames,23083404,81480,2019-01-05 19:16:28,Nothing at all bro!! ğŸ’¯ https://t.co/VMidOEOxzz,16114
95,KingJames,23083404,53710,2019-01-04 22:54:50,â€¼ï¸â€¼ï¸â€¼ï¸â€¼ï¸â€¼ï¸â€¼ï¸ https://t.co/nyccTHd2aS,8805
96,KingJames,23083404,53600,2019-01-04 15:41:22,Gone but never forgotten!! RIP ğŸ @StuartScott! Resting and celebrating each day upstairs. ğŸ™ğŸ¾,7059
97,KingJames,23083404,44066,2019-01-03 21:07:53,"ğŸ™ğŸ¾â€¼ï¸â€¼ï¸â€¼ï¸â€¼ï¸ Truly blesses beyond my wildest dreams still. Fans, Players and Media I Salute you!! #TheKidFromAkronğŸ‘‘ https://t.co/Iudy8sh7g7",5391
98,KingJames,23083404,5118,2019-01-03 21:04:38,Letâ€™s Go! #LifeIsAWorkoutğŸ’ªğŸ¾ https://t.co/3f4Yx7dSgH,580
99,KingJames,23083404,7902,2019-01-02 20:26:33,Dope look!! @YaraShahidi ğŸ‘ğŸ¾ https://t.co/aRNK5FKRKR,540
100,RajonRondo,150846769,806,2017-08-23 19:39:25,The rumors are true! I will be at Rupp for the Alumni game along with some of my new teammates. Get your tickets! https://t.co/70nof11Fju,118
101,RajonRondo,150846769,268,2017-08-04 17:04:50,This Sunday! https://t.co/4YPCQELCpy,41
102,RajonRondo,150846769,688,2017-08-02 19:33:00,See you there this weekend! https://t.co/OeAHM2aNEn,128
103,RajonRondo,150846769,0,2017-06-16 21:25:37,"RT @Top100Camp: Video: Inside @RajonRondo's experiences in the NBPA's coaching program, instructing the best HS basketball players at the Tâ€¦",272
104,RajonRondo,150846769,0,2017-06-08 22:44:50,"RT @camp_rondo: Less than 20 spots remain for #CampRondo!! Don't miss out, sign up today https://t.co/AmXXl7zz3P https://t.co/NU85yxJ5i6",30
105,RajonRondo,150846769,132,2017-03-16 23:52:07,@NMAAHC https://t.co/QhGutEwosr,38
106,RajonRondo,150846769,159,2017-03-15 00:50:45,Join my #bracket group now!    https://t.co/0cnM1eJEkp,38
107,RajonRondo,150846769,0,2017-03-09 18:38:33,"RT @chicagobulls: Take a look at our week of service with @hellocountry, @MrAnthonyMorrow, @RajonRondo, &amp; @HoraceGrant54! https://t.co/3aDlâ€¦",61
108,RajonRondo,150846769,264,2017-02-06 20:23:08,history in the making. congrats @jemelehill @michaelsmith https://t.co/uEWHXlY8ju,55
109,RajonRondo,150846769,1572,2017-01-16 18:12:38,https://t.co/UVneRHyGx9,888
110,RajonRondo,150846769,2253,2017-01-11 18:07:11,#POTUS https://t.co/iORhoAKHvB,435
111,RajonRondo,150846769,359,2016-12-20 21:32:57,Thanks @chicagobulls and the staff and students at William H. Brown elementary. https://t.co/JH5xrHwIE5,91
112,RajonRondo,150846769,459,2016-11-29 20:43:51,Help end the cycle of poverty by helping single parents &amp; their children transition from homelessness to self-suffiâ€¦ https://t.co/djjIju4YXw,132
113,RajonRondo,150846769,0,2016-11-26 00:01:16,"RT @WhistleSports: Young @RajonRondo out here throwing behind the back dimes ğŸ‘€ğŸ€ğŸ”¥

via @websitesbybri #WhistleWorthy https://t.co/TqOyMzhcll",258
114,RajonRondo,150846769,0,2016-11-04 00:47:57,"RT @chicagobulls: Who's ready for some more Late Night Snacks with Henry? @RajonRondo (or, as Henry says it, Rajond Rodnen) is tonight's guâ€¦",361
115,RajonRondo,150846769,1568,2016-09-27 00:23:02,Media day shenanigans... https://t.co/TO9UYRG0jA,551
116,RajonRondo,150846769,11124,2016-09-24 02:53:37,Legend. G.O.A.T. My brother. https://t.co/rYQEtkvpp3,6059
117,RajonRondo,150846769,0,2016-07-11 16:05:08,RT @TheUndefeated: Rajon Rondo was forming roots in Chicago long before his free agency decision. https://t.co/70yjBkAKgM,253
118,RajonRondo,150846769,0,2016-07-07 21:23:47,RT @chicagobulls: .@RajonRondo makes it official! https://t.co/OzddyTWG6y,2742
119,RajonRondo,150846769,283,2016-07-05 13:11:33,1st stop https://t.co/aMzqITA9Eu,76
120,RajonRondo,150846769,225,2016-06-15 02:57:00,https://t.co/RkrEUug8sX,74
121,RajonRondo,150846769,0,2016-06-13 19:13:11,"RT @Rachel__Nichols: We're live from the Bay on #TheJump  w/Stephen Jackson &amp; Rajon Rondo -so you no one is gonna be shy. 3:30p ET, ESPN2 hâ€¦",66
122,RajonRondo,150846769,0,2016-05-17 21:24:43,RT @NBATV: .@RajonRondo is in the building! Production meeting underway for tonight's #Gametime. https://t.co/evWndsVsxv,98
123,RajonRondo,150846769,0,2016-05-17 21:07:33,RT @NBATV: NBA champ &amp; 4-time All-Star @RajonRondo joins us in studio tonight - tune in at 6:30pm ET! https://t.co/y6KYGQLkjt,236
124,RajonRondo,150846769,275,2016-04-18 18:56:20,"On this Marathon Monday, I want to send love and support to my friend Gillian Reny's Stepping... @brighamandwomens

https://t.co/GQcHnFnpao",68
125,RajonRondo,150846769,121,2016-03-18 20:38:06,Vote 4 @ajmoyal and her Pitch For Change. Voting ends at 2. Download the Metro Edge app. Click survey. Choose Cause Concerts. Go Arielle!,27
126,RajonRondo,150846769,99,2016-03-17 15:05:47,1 hour left to complete your brackets. Join mine at  https://t.co/mbUPsc78YS #BBN,25
127,RajonRondo,150846769,230,2016-02-21 01:37:12,ğŸ‘‘ https://t.co/Iz8aGiIrzG,63
128,RajonRondo,150846769,207,2016-01-19 01:51:32,I can certainly relate to this. #MLK https://t.co/qJ8zmVVCcv,54
129,RajonRondo,150846769,506,2016-01-18 18:26:34,"Without mentors I'd have never made it out of my neighborhood. If u're in the position to do so, mentor our youth. 

https://t.co/8QUtGnLLmf",237
130,RajonRondo,150846769,342,2016-01-10 17:48:00,"#torondo #nbavote #AllStar2015

https://t.co/haYyTCR8NE",371
131,RajonRondo,150846769,163,2016-01-10 17:45:45,"Haha... So disrespectful. It's on in Brooklyn!

@michaelsmith @HisAndHers @jemelehill",43
132,RajonRondo,150846769,56,2016-01-08 16:04:31,"@michaelsmith @HisAndHers 

Brooklyn works. 

Is @jemelehill ur partner after u disrespected her (&amp; the entire D) â™ ï¸'s game?",14
133,RajonRondo,150846769,266,2016-01-08 14:36:43,"Just know I'm teaching â™ ï¸'s the night before every ğŸ‘‘'s road game... Pick a city. 

@jemelehill @michaelsmith @HisAndHers",71
134,RajonRondo,150846769,227,2016-01-05 21:07:18,Big congratulations to two of our family members (@CoachKarl22 &amp; @boogiecousins)... https://t.co/k98fKKt4bS,76
135,RajonRondo,150846769,147,2015-12-30 23:13:04,Brothers. https://t.co/jBr57yAh7l,37
136,RajonRondo,150846769,258,2015-12-23 17:03:34,Had an amazing time with the kids at Neighborhood House in my home town of Louisville KY tonight. Feel so blessed... https://t.co/lnYbCvR8HH,68
137,RajonRondo,150846769,1374,2015-12-14 22:03:40,They absolutely do not reflect my feelings toward the LGBT community. I did not mean to offend or disrespect anyone.,975
138,RajonRondo,150846769,1587,2015-12-14 22:03:32,"My actions during the game were out of frustration and emotion, period!",1273
139,RajonRondo,150846769,156,2015-12-11 01:14:39,"Pregame meal x @cheffrankmiller 

https://t.co/jbXSJhUGWF",37
140,RajonRondo,150846769,164,2015-12-10 17:48:18,Thank you @nancylieberman (Nancy Lieberman Foundation) for letting me be a part of the court dedication in Del... https://t.co/trqlfcfuck,45
141,RajonRondo,150846769,310,2015-12-06 00:06:47,Grateful for every opportunity I have to play this game. ğŸ‘‘ https://t.co/oLuS6dIRwY,89
142,RajonRondo,150846769,383,2015-12-03 18:51:37,Nothing better than showing up for work and seeing everyone focused on the same goal and ready to work... https://t.co/pHtuwAAtXz,155
143,RajonRondo,150846769,131,2015-11-20 23:39:33,Special thanks to Principal Joseph at Frank C. Martin K8 Center and 100 Black Men of South Florida for having me... https://t.co/iGUqj6UwXh,34
144,RajonRondo,150846769,190,2015-11-10 00:57:22,https://t.co/t2FbwP2w1j,44
145,RajonRondo,150846769,306,2015-10-21 18:46:41,"#BBN ğŸ‘‘

https://t.co/WsbWVGwFrv",161
146,RajonRondo,150846769,256,2015-10-12 21:09:09,Forever a student of the game. ğŸ‘‘ https://t.co/0mxpjeKiuN,110
147,RajonRondo,150846769,143,2015-09-29 16:02:45,One of the best to every do it... My patna... @nancylieberman !!!  https://t.co/cckVLjZzK0,48
148,RajonRondo,150846769,0,2015-09-28 20:25:07,RT @SacramentoKings: @RajonRondo under the bright lights ğŸ˜ http://t.co/hYB4eurVHA,452
149,RajonRondo,150846769,136,2015-09-21 23:09:09,#ready https://t.co/CfSNODJx9s,66
150,RajonRondo,150846769,219,2015-09-09 23:12:27,https://t.co/UX8yyLETvz,103
151,RajonRondo,150846769,89,2015-09-03 23:06:39,#tbt #realdealholyfield  https://t.co/IRxcBpHnbU,30
152,RajonRondo,150846769,109,2015-08-28 17:36:35,"#EnjoyNow #BeBlessed 

https://t.co/hBLdmzfEh7",30
153,RajonRondo,150846769,127,2015-08-25 23:54:56,https://t.co/J85tIYxugM,52
154,RajonRondo,150846769,128,2015-08-23 18:55:34,Left Rib. Right Rib. #BeBlessed #HappySunday https://t.co/fP1XAYTwSP,45
155,RajonRondo,150846769,120,2015-08-22 18:52:25,#yoga https://t.co/6nPPR8fl5m,58
156,RajonRondo,150846769,71,2015-08-19 00:20:06,#controlcamp2015 #Wuhan #China #ANTA #Rondo https://t.co/3pqtKzLDph,22
157,RajonRondo,150846769,74,2015-08-19 00:19:51,#SelfieStick #ANTAtour2015 #China https://t.co/EZ6FQaVYdc,24
158,RajonRondo,150846769,66,2015-08-19 00:19:35,"Shanghai nights. Word to my brothas @mindofmac, @bodiewyk9, @blcharles n Maine https://t.co/nLI38TZcWm",20
159,RajonRondo,150846769,88,2015-08-19 00:19:26,Amazed that I have so many talented fans in China... Humbled that they'd take the time to use thoseâ€¦ https://t.co/0RVqu94lPV,30
160,RajonRondo,150846769,73,2015-08-19 00:19:14,Special Thanks to all the coaches that helped run the #ANTAcontrolCamp2015 in #Wuhan #China! ...andâ€¦ https://t.co/pz6Y17sbSv,19
161,RajonRondo,150846769,97,2015-08-19 00:19:02,Anticipation. #AntaTour2015 #sacramentokings https://t.co/YlH7W7Tvy4,39
162,RajonRondo,150846769,84,2015-08-19 00:10:26,"Leading the ball handling warm up at my Anta Control Camp in Wuhan, China! #ANTA #AntaTour2015â€¦ https://t.co/brPYq6pFPQ",27
163,RajonRondo,150846769,88,2015-08-19 00:10:16,Selfies with fans while walking the streets of #Taiyuan #China with my friends was an experience I'llâ€¦ https://t.co/Qa4tWgezsl,30
164,RajonRondo,150846769,228,2015-08-05 02:05:33,Final day of Anta Control Camp in Wuhan. Thanks to everyone who came and worked hard http://t.co/63KxqPDeL5,56
165,RajonRondo,150846769,164,2015-07-07 01:26:29,Please follow/support @OurPlaceFound providing FREE substance abuse treatment to those in need #19minutes #saveALife,99
166,RajonRondo,150846769,437,2015-07-04 16:29:52,"Happy 4th everyone. If u are looking for fireworks-Fireworks Factory Outlet in New Albany, In. has the best and always takes care of me.",166
167,RajonRondo,150846769,217,2015-06-12 15:23:47,#CampRondo http://t.co/kiPBgT6kUo,82
168,RajonRondo,150846769,389,2015-06-03 01:02:44,http://t.co/2assoA16jS,146
169,RajonRondo,150846769,311,2015-05-26 14:24:15,Less Than 30 Days Until Session 1 Kicks Off for #CampRondo. Reserve Your Spot Today! http://t.co/y9MNfNrt4b http://t.co/NoqrDxnKJs,141
170,RajonRondo,150846769,716,2015-03-08 03:09:59,Thank you @SoHoYoga http://t.co/9JIXbPlQ6a,196
171,RajonRondo,150846769,630,2015-01-19 00:53:11,Humbling experience visiting the @NCRMuseum the day before we celebrate a great leader in Martin Luther King Jr. http://t.co/MNQiZJWY82,214
172,RajonRondo,150846769,1783,2015-01-01 20:36:53,Happy new year #teamrondo,810
173,RajonRondo,150846769,13401,2014-12-19 05:08:43,I look forward to building something special in Dallas.,13235
174,RajonRondo,150846769,7547,2014-12-19 05:08:05,"Years w/ the Celtics, fans and city. The opportunity to play with guys like Dirk, Monta, Tyson and the young talent of Chandler is exciting",6559
175,RajonRondo,150846769,5606,2014-12-19 05:06:50,They are some of the hardest working guys I have played with and I wish them the best. I've experienced my most successful and challenging,4311
176,RajonRondo,150846769,6130,2014-12-19 05:05:52,And supportive fans in the league is unmatched. My teammates have shown nothing but heart the last couple of seasons.,5027
177,RajonRondo,150846769,9880,2014-12-19 05:04:41,My time in Boston has meant so much. I've grown up with this city both as a basketball player and person. The love I have for the most loyal,8302
178,RajonRondo,150846769,249,2014-12-14 00:12:56,Go see #TopFiveMovie movie this weekend and tell me who your #topfive favorite rappers are.,99
179,RajonRondo,150846769,159,2014-11-21 23:28:26,â€œ@C_hase: @RajonRondo I'm close to memphis so I can make it. Go Rondo!â€ see u at the game,36
180,RajonRondo,150846769,184,2014-11-21 23:18:49,"For 2 tix to tonight's game IN Memphis. 
What historical town in Massachusetts hosted the 1st thanksgiving dinner?",59
181,RajonRondo,150846769,1441,2014-11-11 14:01:17,Thank you to all the men and women who serve and protect us everyday.,1255
182,RajonRondo,150846769,159,2014-11-03 23:46:45,Have 1 ticket available for tonight's game in Dallas. post a pic of you in your Halloween costume using #RRHalloween and I'll pick a winner,64
183,RajonRondo,150846769,574,2014-11-02 16:31:59,Good luck today Lauren Hill. #1more4Lauren #nevergiveup http://t.co/G57gIajupe,416
184,RajonRondo,150846769,99,2014-10-15 22:09:33,Thanks for playing. See you at the game @Stvwa,28
185,RajonRondo,150846769,97,2014-10-15 21:53:59,Name 2 of the 3 cities I visited this summer in China. Winner gets 2 tickets to tonight's game in Maine,34
186,RajonRondo,150846769,216,2014-10-15 21:46:30,I have two tickets to give away to tonight's game in Maine. Stay tuned for details,51
187,RajonRondo,150846769,263,2014-10-15 00:50:18,â€œ@GaabooF: @RajonRondo Favorite MLB team?â€ Red Sox of course,104
188,RajonRondo,150846769,81,2014-10-15 00:47:04,â€œ@nataly7979: @RajonRondo did u like in China ?â€ Yes and can't wait to go back next summer,17
189,RajonRondo,150846769,91,2014-10-14 23:58:26,â€œ@JohannesJozef: @Toucherandrich  really??? RT : Favorite NFL team?â€ The Bruinsâ€ Don't have favorite nfl team favorite Hockey team is Bruins,39
190,RajonRondo,150846769,31,2014-10-14 23:51:53,@somthinserious3 favorite hockey team is bruins. Don't have football team,15
191,RajonRondo,150846769,316,2014-10-14 23:42:36,Thanks everyone who asked a question. Will do it again next month.,56
192,RajonRondo,150846769,159,2014-10-14 23:40:54,â€œ@Celtics_Cowboys: @RajonRondo best place to visit in Boson?â€ Newbury Street,35
193,RajonRondo,150846769,72,2014-10-14 23:39:07,â€œ@colinjames4707: @RajonRondo you ever been to the cape?â€ Unfortunately no I haven't but it's on the to do list,17
194,RajonRondo,150846769,408,2014-10-14 23:38:34,"â€œ@joseviperez15: @RajonRondo, best teammate all-time?â€ Perk, KG, Baby, K Dooling",226
195,RajonRondo,150846769,151,2014-10-14 23:36:19,"â€œ@ThomasGardnerJr: @RajonRondo tell the truth, do you ever read stories written about you in the paper/online?â€ Once every 7 months",59
196,RajonRondo,150846769,140,2014-10-14 23:35:40,â€œ@RichieRichBoyyy: @RajonRondo what's your fav thing to eat after a game win or loseâ€ some type of pasta with Alfredo sauce,35
197,RajonRondo,150846769,229,2014-10-14 23:34:56,â€œ@pablomartinsalg: @RajonRondo  Rihanna or Beyonce?â€ Rihanna,185
198,RajonRondo,150846769,42,2014-10-14 23:33:51,â€œ@kdaywins: @RajonRondo Potatoes or stove top?â€ Neither,10
199,RajonRondo,150846769,84,2014-10-14 23:32:20,â€œ@iAmPanoramic: @RajonRondo what's your favorite holidayâ€ thanksgiving,27
200,JHarden13,50811932,10357,2019-03-06 16:51:24,The SIX .....ğŸ”’ https://t.co/tiPb6gZLSH,1180
201,JHarden13,50811932,5237,2019-03-04 05:05:59,Forks up baby! ğŸ”± https://t.co/1fBxkZ5jlA,434
202,JHarden13,50811932,25091,2019-02-24 05:39:43,ğŸ¤·ğŸ¾â€â™‚ï¸,3932
203,JHarden13,50811932,3761,2019-02-17 16:46:03,#ad @CP3 I thought we were goodâ€¦ aren't you covered by @StateFarm anyway? https://t.co/JKOCVdcBow,546
204,JHarden13,50811932,9900,2019-02-14 17:50:13,Appreciate all the love and support from the fans and the organization. Hellooooo CharlotteğŸš€ğŸš€ğŸš€ğŸš€ğŸš€ğŸš€ğŸš€ https://t.co/tFtxkFbYnm,723
205,JHarden13,50811932,1871,2019-02-13 21:56:18,ğŸ”‹ğŸ”‹ğŸ”‹ğŸ”‹ğŸ”‹ @DrinkBODYARMOR https://t.co/2yUo9I0toV,185
206,JHarden13,50811932,5024,2019-02-13 00:13:29,This is very accurate btw ğŸ˜³ https://t.co/kDkHUrjXfD,277
207,JHarden13,50811932,105924,2019-02-12 23:21:13,Respect ğŸ’¯ https://t.co/ChsrItTrgW,13068
208,JHarden13,50811932,37914,2019-02-10 20:27:24,ğŸ™ŒğŸ¾ https://t.co/DlKo3mWBSd,10549
209,JHarden13,50811932,8575,2019-02-10 18:35:14,"I see you @CP3 movin on up! 
Congrats Yung 1 on passing
 Mookie Blaylock for most steals. ğŸ‘€ğŸ‘€ğŸ‘€   #Schwaaaag",695
210,JHarden13,50811932,8143,2019-02-08 23:46:00,That part! ğŸš€ letâ€™s get to it. https://t.co/a1rRla2zL2,1061
211,JHarden13,50811932,506,2019-02-07 21:19:04,Registration for my Youth ğŸ€ @ProCamps in partnership with @Kroger &amp; presented by @Academy is now open! Click ğŸ‘‡ forâ€¦ https://t.co/NFJZQx9nTK,42
212,JHarden13,50811932,20425,2019-02-06 01:03:18,AZ â¤ï¸ https://t.co/UU4dB4S34s,1830
213,JHarden13,50811932,6695,2019-01-31 18:19:29,Game ready! ğŸ”¥ğŸ”¥ğŸ”¥ğŸ”¥ğŸ”± All day! https://t.co/euy0cdgsB7,782
214,JHarden13,50811932,840,2019-01-28 23:01:36,Are you sticking to your New Yearâ€™s resolutions? Get inspired by my fitness favorites on https://t.co/rDUqvRGRXwâ€¦ https://t.co/zy1Up3aFT0,55
215,JHarden13,50811932,11382,2019-01-28 20:50:05,Weather looks fake itâ€™s so nice out! ğŸ¤˜ğŸ¾-Town,1238
216,JHarden13,50811932,42478,2019-01-25 03:01:32,Thank you to all the fans and coaches who voted for me to play in my 7th consecutive All-Star game.... Extremely humbling ğŸš€ğŸ¤˜ğŸ¾ğŸš€ğŸ¤˜ğŸ¾ğŸš€,4040
217,JHarden13,50811932,0,2019-01-24 18:17:12,RT @MichaelGRubin: Our goal is simple - Get 1 million people out of the criminal justice system. After witnessing the injustices that tookâ€¦,4917
218,JHarden13,50811932,19159,2019-01-24 17:39:39,ğŸ˜³ @LILUZIVERT  ğŸ’¯ https://t.co/8NeEGIf7SM,3802
219,JHarden13,50811932,3272,2019-01-24 16:05:24,The movement continues.....Welcome @spidadmitchell to the @DrinkBODYARMOR fam! #schwwaaaag https://t.co/6k90ZMRH5v,187
220,JHarden13,50811932,12307,2019-01-24 16:02:31,Say it with me. ğŸ’¦Splash Gordon!  @TheofficialEG10 https://t.co/38JriRgaek,1557
221,JHarden13,50811932,643,2019-01-24 15:19:55,@chancebullard ğŸ˜³ğŸ¤”,30
222,JHarden13,50811932,10065,2019-01-24 06:24:11,ğŸ™ğŸ¾ also prayers up to @VicOladipo maaan. Safe and quick recovery,1268
223,JHarden13,50811932,40338,2019-01-24 05:59:50,MSG is something special.... ğŸ™ŒğŸ¾,3970
224,JHarden13,50811932,24316,2019-01-24 05:08:34,Thank you ğŸ—½NYC for the love.... â€œThe Meccaâ€â¤ï¸ #6ï¸âƒ£1ï¸âƒ£ https://t.co/01j0h1CM8U,4255
225,JHarden13,50811932,8894,2019-01-23 03:09:45,"More hoops, food and some good ğŸ’¤ğŸ’¤ğŸ’¤ğŸ’¤ âœŒğŸ¾",1333
226,JHarden13,50811932,17866,2019-01-23 00:59:03,"Dragon Ball Super:Broly 
ğŸ¤” and 
Aquaman",2550
227,JHarden13,50811932,559,2019-01-22 23:24:39,"@CallMeGreat_ Not yet, Iâ€™ve heard it was ok",10
228,JHarden13,50811932,9524,2019-01-22 23:22:49,What are some good new movies out right now ?,499
229,JHarden13,50811932,1261,2019-01-22 22:42:17,Hahahaha yâ€™all quick with the comebacks,73
230,JHarden13,50811932,2849,2019-01-22 22:39:12,Pretty much ... https://t.co/J5Zqkbbkw4,333
231,JHarden13,50811932,6920,2019-01-22 22:32:24,"Cold, not even the word for out here....",1422
232,JHarden13,50811932,4758,2019-01-20 23:29:35,Gaaaaaaaaaawwwddd that kick!,469
233,JHarden13,50811932,11169,2019-01-20 23:27:32,ğŸ˜³ğŸ˜³ğŸ˜³ğŸ˜³ğŸ˜³ğŸ˜³ğŸ˜³ğŸ˜³ğŸ˜³ğŸ˜³ğŸ˜³ğŸ˜³ğŸ˜³ğŸ˜³ğŸ˜³ğŸ˜³ğŸ˜³ğŸ˜³ğŸ˜³ğŸ˜³ğŸ˜³ğŸ˜³ğŸ˜³ğŸ˜³,1092
234,JHarden13,50811932,18963,2019-01-20 06:41:28,Great team win! We needed everyone tonight!  #RunasOneğŸš€,2304
235,JHarden13,50811932,2716,2019-01-08 20:21:17,"Have you checked out my fitness favorites? I partnered with @Amazon to share my go-to workout products, check themâ€¦ https://t.co/JHm40wN4nR",295
236,JHarden13,50811932,6402,2019-01-04 21:31:49,"R.I.P @StuartScott. 
ğŸ—£GameChanger!",760
237,JHarden13,50811932,20694,2019-01-04 21:28:15,Great team win last night. We gon continue to #RunAsOne  ğŸ¤˜ğŸ¾ https://t.co/2xPrlEnyVA,2876
238,JHarden13,50811932,10006,2019-01-01 22:57:49,ğŸ‰Happy New Years everybody! I hope everyone had a special holidays but itâ€™s back to the grind! #LeadByExample,1175
239,JHarden13,50811932,11711,2019-01-01 22:56:23,Putting 2018 behind me like... ğŸ¤£ https://t.co/EOECxdfi4x,2860
240,JHarden13,50811932,2746,2018-12-24 19:59:40,Another year in the books! Me and my foundation  â€œ3TheHardenWayâ€ partnered up with @Target and @KarenCivil to takeâ€¦ https://t.co/VXviLs7Bu5,293
241,JHarden13,50811932,7635,2018-12-23 04:16:01,Letâ€™s go!!!!!!! https://t.co/bBXRHaerbi,921
242,JHarden13,50811932,9493,2018-12-23 04:15:15,"ğŸ—£Letâ€™s gooooo!!!!!!!!!!!!!!  
Yaâ€™ll know what it is!  #ForksUp",1464
243,JHarden13,50811932,1013,2018-12-21 22:50:25,"#ad Yo #ColePerez, is mine in the mail? @StateFarm ğŸ˜³ https://t.co/MbMLOxcaw3",89
244,JHarden13,50811932,1009,2018-12-18 21:17:38,Here go my 3 picks from https://t.co/yFC0af13f5 this Christmasâ—ï¸ After you hit up Stance and comment below w/ yourâ€¦ https://t.co/YSXqQY8sX3,87
245,JHarden13,50811932,1785,2018-12-07 23:56:36,. @Trolli_USA is always full of surprises ğŸ˜‚ #ad https://t.co/h05Ww2TzvV,186
246,JHarden13,50811932,4471,2018-12-05 23:53:44,"If yâ€™all donâ€™t have this yet.......... 
ğŸ—£yuuuuurrrr wildin! https://t.co/Ei7jk4W6jE",748
247,JHarden13,50811932,1641,2018-12-05 23:50:49,"Idk, but they are ğŸ”¥ğŸ”¥ğŸ”¥ğŸ”¥ğŸ”¥ https://t.co/97Z2WO5QtM",182
248,JHarden13,50811932,11604,2018-12-05 01:19:34,Maaaan. Itâ€™s freeezing in Salt Lake City. This canâ€™t be normal,863
249,JHarden13,50811932,2033,2018-12-03 23:14:45,ğŸ‘€ğŸ‘€ğŸ‘€ğŸ‘€ Blessed! Forever Thankful https://t.co/CVeA5lh4et,170
250,JHarden13,50811932,8536,2018-12-02 22:21:13,These girls are hooooopin.,903
251,JHarden13,50811932,919,2018-11-29 19:30:40,"Tonight!! If youâ€™re in Tempe, AZ. Come through for the @adidasHoops intramural championship @ â€œ2-bayâ€ gym. A wholeâ€¦ https://t.co/FkuwinOID6",139
252,JHarden13,50811932,777,2018-11-14 19:01:26,We are taking over! @DRINKBODYARMOR is the Official Sports Drink of @NCAA and @MarchMadness! ğŸ™ŒğŸ¾#ObsessedWithBetter https://t.co/AbgEsZaMFs,67
253,JHarden13,50811932,2053,2018-10-19 21:21:13,Run it backâ€¦my MVP bottle has been restocked. Follow @DrinkBODYARMOR to snag one. #ObsessedWithBetter #Schwaaag https://t.co/0HBx7w23y1,209
254,JHarden13,50811932,8787,2018-10-16 21:43:44,Game 3 ğŸ—£#GoAstros,1371
255,JHarden13,50811932,12110,2018-10-14 04:15:42,1-0 ğŸ¤˜ğŸ¾ #GoAstros,2241
256,JHarden13,50811932,136,2018-10-14 04:05:25,@ShaKeeWil @BrandNewWes Lol,4
257,JHarden13,50811932,7696,2018-10-14 03:53:24,ğŸ˜³ Gurriel.... you showing out right now. #GoAstros,1263
258,JHarden13,50811932,0,2018-10-14 03:41:35,RT @CP3: Big hit Springer!!! #GoAstros,638
259,JHarden13,50811932,2290,2018-10-13 14:28:46,"ğŸ¤¦ğŸ½â€â™‚ï¸ğŸ¤¦ğŸ½â€â™‚ï¸ğŸ¤¦ğŸ½â€â™‚ï¸â€œVOYAGERâ€ is out NOW!! ğŸ”¥ğŸ”¥ğŸ”¥ğŸ”¥ğŸ”¥ #HardenVol3 #Schwwaaaaag 

https://t.co/UFTL564QAf https://t.co/h4RyDB4eZG",398
260,JHarden13,50811932,5009,2018-10-09 01:47:11,"Legendary, congrats @drewbrees! ğŸ keep it going. ğŸ™ŒğŸ¾",714
261,JHarden13,50811932,15895,2018-10-08 03:50:07,ğŸ¤˜ğŸ¾-Town,4606
262,JHarden13,50811932,6483,2018-10-08 03:42:25,ğŸ‘€ğŸ‘€ğŸ‘€ğŸ‘€ wow !,892
263,JHarden13,50811932,847,2018-10-03 20:10:04,"The only thing that matters is your REASON. 
@ArtofSport

#BornForMore
#ArtofSport
#ArtofSportPartnerâ€¦ https://t.co/h43tuC7ZuS",148
264,JHarden13,50811932,1415,2018-10-03 14:07:00,The Art of Sport team is stay readyâ—ï¸A body care for and by the athlete. For the ones that grind. #Schwaaaagg â€¼ï¸ â€¼ï¸â€¦ https://t.co/Y6rZhOFYfq,189
265,JHarden13,50811932,4097,2018-09-28 14:19:53,Another day of training camp..... and @LilTunechi dropped C5!  Wow #HappyFriday errrbody,724
266,JHarden13,50811932,4852,2018-09-27 17:33:35,"ğŸ—£â€œVoyagerâ€ Taking off ğŸš€
October 12 #HardenVol3 https://t.co/jPPdtt5yR5",943
267,JHarden13,50811932,0,2018-09-26 02:30:53,RT @CP3: I donâ€™t think people realize how much I love to hoop......,7538
268,JHarden13,50811932,17,2018-09-26 02:16:30,@CoopThaKing ğŸ§,1
269,JHarden13,50811932,58,2018-09-26 02:13:30,@deividnostrani Wussup bro,4
270,JHarden13,50811932,6748,2018-09-26 01:22:54,ğŸ’¯ https://t.co/TQh8TjwRhB,1295
271,JHarden13,50811932,1138,2018-09-25 21:46:49,"ğŸš¨Alright, Iâ€™m gonna let you in on a little something. @hulu now has live TV for sports. This is not a drill â—ï¸â€¦ https://t.co/C74okZ89wt",139
272,JHarden13,50811932,32335,2018-09-24 23:47:56,Year 10 wit it.... ğŸ¤˜ğŸ¾ğŸš€ https://t.co/sXDDuNVaPm,5356
273,JHarden13,50811932,16803,2018-09-24 14:26:30,Got that 1st day of school flow today... ğŸš€,2021
274,JHarden13,50811932,610,2018-08-28 17:46:13,It was a pleasure partnering w/ @iconic_reach @SalataSalads @DrinkBODYARMOR and @adidas for this years 2nd annualâ€¦ https://t.co/Fhnu0yrbOq,57
275,JHarden13,50811932,2171,2018-08-25 04:18:52,Your Court. Your Rules. #CourtBattles A whole new way to play in #NBALIVE19 #EAathlete. Download the demo now. https://t.co/ffiRf051qL,341
276,JHarden13,50811932,11565,2018-08-19 00:37:46,"ğŸ‘€ğŸ‘€ğŸ‘€Get you 1!!!!  @trvisXX 
#JHTownWeekend 2018 ğŸ”¥ğŸ”¥ğŸ”¥ğŸ”¥ğŸ”¥ğŸ”¥ğŸ”¥ğŸ”¥ğŸ”¥ğŸ”¥ğŸ”¥ğŸ”¥ğŸ”¥ğŸ”¥ğŸ”¥ https://t.co/V4cxkv24Z8",2792
277,JHarden13,50811932,733,2018-08-16 18:55:53,"#JHtownWeekend   

â€œ3TheHardenWay Foundationâ€
 is bringing something special to the city. ğŸ¤˜ğŸ¾

(Purchase your ticketâ€¦ https://t.co/uvBOCPQbJF",110
278,JHarden13,50811932,5764,2018-08-16 00:24:14,Secure the bag ğŸ’°! https://t.co/Sseva5FFi2,745
279,JHarden13,50811932,526,2018-08-16 00:18:13,"This weekend will be one to remember. This SATURDAY! 

Get your tickets. ğŸŸâ¤µï¸
https://t.co/8pFf5jmvXB https://t.co/LhM7HJm9CA",82
280,JHarden13,50811932,4098,2018-08-13 22:08:39,ğŸ’ªğŸ¾ https://t.co/TwJl1URDkM,349
281,JHarden13,50811932,762,2018-08-13 19:07:02,"This Friday the Vibes begin. ğŸ¤˜ğŸ¾ğŸ¤˜ğŸ¾ğŸ¤˜ğŸ¾ğŸ¤˜ğŸ¾ Grab them before theyâ€™re all gone. #hoUSton  

https://t.co/8pFf5jmvXB https://t.co/Rj2V7WMCEQ",124
282,JHarden13,50811932,23785,2018-08-13 18:50:13,Letâ€™s get it! https://t.co/ibXrzME2ln,4823
283,JHarden13,50811932,5233,2018-08-13 18:39:16,Welcome back brudda! ğŸ¤˜ğŸ¾ğŸ¤˜ğŸ¾ğŸ¤˜ğŸ¾ #hoUSton https://t.co/XOCODjLFkL,581
284,JHarden13,50811932,36022,2018-08-08 21:26:17,Mood https://t.co/wKYtcw9FmN,10330
285,JHarden13,50811932,1936,2018-08-04 16:55:34,"ğŸ‘€ğŸ‘€ğŸ‘€ğŸ‘€
Here we go Houston! 

Hit the link for tickets. ğŸ¤˜ğŸ¾ğŸ¤˜ğŸ¾ğŸ¤˜ğŸ¾

https://t.co/YkBKypoxye https://t.co/Jy4DrJESOG",324
286,JHarden13,50811932,3488,2018-07-25 19:18:36,For the Fam! https://t.co/M7WVrOwu5U,471
287,JHarden13,50811932,1611,2018-07-24 19:43:12,â€¼ï¸HUGE Shout out to @DrinkBODYARMOR for hydrating my camp! The sports drink ğŸŒŠ continues! #ObsessedWithBetter https://t.co/HExAa66jgN,172
288,JHarden13,50811932,2441,2018-07-23 22:21:19,Year 6 of my @JHarden13 ProCamp is in the books! Thanks @kroger for your support! https://t.co/BNVHK3n8JS,167
289,JHarden13,50811932,4522,2018-07-16 21:28:26,Helllll nah. This dudeâ€™s no joke! See #MissionImpossible-Fallout in theaters 7.27! #ad https://t.co/HBJvuqBUBn,1000
290,JHarden13,50811932,12916,2018-07-15 16:54:13,Wow!,1575
291,JHarden13,50811932,1445,2018-06-22 18:24:00,Make sure to sign up for my Youth ğŸ€ @ProCamps in partnership with @kroger &amp; presented by @Academy! Click ğŸ‘‡ for detaâ€¦ https://t.co/sYOxbjmc1f,169
292,JHarden13,50811932,0,2018-04-13 18:53:16,"RT @GQMagazine: Presenting GQ's newest cover star: @JHarden13, photographed by Erik Madigan Heck https://t.co/otwM5jmXvT https://t.co/57Kalâ€¦",503
293,JHarden13,50811932,16902,2018-04-12 17:52:19,Thank you #Rednation for all of the support through out the year but this is when it matters most. Letâ€™s #RunAsOne.......stay #LockedInğŸ”,4297
294,JHarden13,50811932,5857,2018-04-11 20:36:53,"#ad My @StateFarm agent gets me so well, it's like he's inside my head... Now @HoustonRockets fans know what that'sâ€¦ https://t.co/c4Tys9LzER",848
295,JHarden13,50811932,1536,2018-04-06 23:24:01,Looking forward to schooling kids at my annual Youth ğŸ€ @ProCamps in partnership with @kroger again this summer! Detâ€¦ https://t.co/vzTi8V1kTU,251
296,JHarden13,50811932,3310,2018-03-15 00:21:13,@SLAMonline Sheâ€™s an Assassin !,289
297,JHarden13,50811932,39,2018-03-13 22:55:03,@art_vandelay_9 @stancehoops Really?? Who you got ?,3
298,JHarden13,50811932,4615,2018-03-13 21:44:05,You know who I'm riding with. Stay the course! @stancehoops https://t.co/WvTCBhKEIl,736
299,JHarden13,50811932,6626,2018-03-13 21:02:07,Tourney time!! Who yâ€™all rolling with for the tourney ????,452
300,CP3,53853197,0,2019-03-06 22:34:15,"RT @JoshMartinNBA: How did a DII hooper from OKC become a trainer and trusted confidant of @JHarden13, @CP3, PJ Tucker and other NBA stars?â€¦",17
301,CP3,53853197,1612,2019-03-06 20:39:45,ğŸ™ğŸ¾ğŸ™ğŸ¾ğŸ™ğŸ¾ https://t.co/bkYnEt5m5p,98
302,CP3,53853197,948,2019-03-04 20:05:53,#ad Got some help (thanks Cole). Never got the guac (thanks Clutch). https://t.co/NlPmscVJN3,145
303,CP3,53853197,0,2019-03-04 04:34:08,"RT @MarkJonesESPN: First let me say Harden,CP3 were great this afternoon..
Seeing PJ Tucker make winnning play after winning big play on efâ€¦",326
304,CP3,53853197,754,2019-03-01 23:00:40,Obviously not ğŸ¤¦ğŸ¾â€â™‚ï¸ğŸ˜‚ HEROES! https://t.co/0JbSuj9mq8,45
305,CP3,53853197,12818,2019-03-01 22:07:39,Gotta chance to go to Parent/Teacher Conferences today...knowing that my kids are with their teachers more than theâ€¦ https://t.co/ikpmmDU7TM,1501
306,CP3,53853197,375,2019-03-01 20:28:21,"Got my new pack of @Sharpie!! Special collaboration between @CP3Cares, @PlayersTribune and @Sharpie which allows usâ€¦ https://t.co/CXLQHwfRyl",24
307,CP3,53853197,29390,2019-03-01 04:53:13,Itâ€™s a FAMILY thing!!! #Brotherhood #OneLastDance https://t.co/9QtMf35mHN,4365
308,CP3,53853197,29917,2019-02-28 03:29:23,Aight now @DwyaneWade...donâ€™t come down to Houston with that nonsense tomorrow night!! ğŸ˜‚ğŸ¤£ğŸ˜‚ #OneLastDance,4516
309,CP3,53853197,208,2019-02-27 16:50:07,Thank YOU for everything @ClarkPBA!! Love knowing that the kids are tuning in!! @PBATour https://t.co/KvYytua82V,19
310,CP3,53853197,831,2019-02-24 23:55:54,Congratulations @TonyWarrenJr on getting number 24 retired today at NC State. #GoDeacs,67
311,CP3,53853197,0,2019-02-21 04:38:41,RT @KeVisions: Team CP3 (2023) Wins Championship at Hoop Source Prez Day Portland! ğŸ”¥ğŸ”¥ğŸ”¥ğŸ”¥ğŸ”¥ Tag @CP3 @MeekMill  #KeVisions #HoopSource #PrezDaâ€¦,37
312,CP3,53853197,413,2019-02-21 02:05:10,Bout to watch this UNC/Duke game like everybody else!! @whitecoby2 @RechonBlack #TeamCP3 #ACC,36
313,CP3,53853197,0,2019-02-20 22:24:12,RT @DwyaneWade: 3 years ago at AllStar weekend my brothers @CP3 @carmeloanthony and i honored the great @kobebryant at our Gentlemanâ€™s Suppâ€¦,948
314,CP3,53853197,0,2019-02-20 20:31:34,"RT @Forbes: NBA stars DeAndre Jordan, Kyrie Irving and Chris Paul have all invested in the plant-based food company Beyond Meat https://t.câ€¦",160
315,CP3,53853197,897,2019-02-16 20:07:44,#ad More cooking on the courtâ€¦ less cooking in my kitchen. @JHarden13 @StateFarm https://t.co/ItZItTEIgz,166
316,CP3,53853197,4861,2019-02-15 18:38:42,"Whatâ€™s understood doesnâ€™t have to be explained, but we made sure to take some time to celebrate our brotherâ€¦ https://t.co/P3L4SZCiKg",637
317,CP3,53853197,3754,2019-02-10 22:08:33,Appreciate it bro ğŸ™ğŸ½ @JHarden13 https://t.co/eOfZ9c5MV4,246
318,CP3,53853197,2126,2019-02-07 18:33:48,Take charge. #OwnTheGame https://t.co/6zTZM0l7UB,354
319,CP3,53853197,0,2019-02-04 05:33:10,RT @tpinsonn: ğŸ˜‚ğŸ˜‚ğŸ˜‚ğŸ˜‚ @CP3 the little ones donâ€™t get taken easy either! No games!ğŸ˜‚ğŸ˜‚ https://t.co/VphVKDclM7,33
320,CP3,53853197,194,2019-02-02 19:02:05,Tune in tomorrow at 2 PM to catch the @PBAtour Celebrity Invitational on FOX! https://t.co/zqJ3ZCOfy2,35
321,CP3,53853197,0,2019-02-02 18:59:21,RT @TheSource: Chris Paul Celebrates 10th Anniversary of CP3 PBA Celebrity Invitational https://t.co/mf89MnlS4v https://t.co/8L8uUPtaQd,29
322,CP3,53853197,0,2019-02-02 18:59:05,"RT @FloBowling: Bowling AND Football?! ğŸ³ğŸˆ

It really doesn't get any better than @CP3's @PBATour Celebrity Invitational on #SuperBowlSundayâ€¦",19
323,CP3,53853197,212,2019-02-01 05:19:21,"These guys forged a path for us... itâ€™s only right! @TheNBPA 
https://t.co/xcfcfbKBlc",29
324,CP3,53853197,416,2019-01-31 19:57:40,Much love my guy! âœŠğŸ¾ https://t.co/1WrpW7lNGT,28
325,CP3,53853197,0,2019-01-30 18:28:19,"RT @thetournament: .@CP3 x TBT 

The 9x All-Star is the latest to join the NBA â¡ï¸ TBT family!

ğŸ€ Team CP3 
ğŸ“ Greensboro, NC - July 19-21â€¦",23
326,CP3,53853197,91,2019-01-29 00:03:35,"Always good to be in business with good people! @turnerimpact #InTheBusinessofDoingGood 

https://t.co/6BYVNF3SO3",13
327,CP3,53853197,361,2019-01-28 20:01:07,#ad This deer clearly hates bowling.ğŸ¦ŒğŸ³ @statefarm https://t.co/IP0UxdnHsH,43
328,CP3,53853197,3067,2019-01-28 13:24:48,#Brotherhood https://t.co/JDboYauY0A,258
329,CP3,53853197,30046,2019-01-28 03:54:40,God is so Good!!!!!!! ğŸ™ğŸ¾,7272
330,CP3,53853197,0,2019-01-25 21:20:12,RT @D_West30: Chaos wont win. Peace and Clarity will. Peace to the peace keepers!,111
331,CP3,53853197,244,2019-01-25 18:22:11,Well deserved @thewendellmoore! Stay focused and keep going #TeamCP3 https://t.co/DAB0NlrIqd,24
332,CP3,53853197,5067,2019-01-24 05:00:13,"Prayers up to my guy @VicOladipo. Sending prayers your way, stay strong ğŸ’ªğŸ½",511
333,CP3,53853197,8097,2019-01-21 16:35:56,âœŠğŸ¾ #MLKday https://t.co/w9ytobMe5l,1170
334,CP3,53853197,1710,2019-01-18 23:11:25,Thatâ€™s love!! DM me your info @JakeWells30 - sending something special your way https://t.co/pXVbJZWMCR,107
335,CP3,53853197,0,2019-01-18 02:03:10,RT @NBAKicks: Avid bowler @CP3 breaks out his Jordan CP3 bowling shoes at his 10th annual Celebrity ğŸ³ Invitational! #NBAKicks https://t.co/â€¦,155
336,CP3,53853197,6533,2019-01-17 20:48:30,Happy birthday @DwyaneWade! #10yearchallenge ainâ€™t got nothing on us.. we turning it into the #oldmanchallenge ğŸ˜‚ğŸ˜‚â€¦ https://t.co/5vPMGruEXN,778
337,CP3,53853197,0,2019-01-17 15:13:54,RT @GQMagazine: Inside @CP3's pregame wardrobe https://t.co/EroCyF9N0m https://t.co/ftTe3xgCKT,28
338,CP3,53853197,186,2019-01-14 21:43:51,Houston!! Bring the family and come join the @PBATour fun this Thursday at @BowleroBowl!! Tickets available atâ€¦ https://t.co/l6adTm2yxr,39
339,CP3,53853197,2140,2019-01-11 01:04:05,I didnâ€™t start getting into history until I started getting older...You have no idea how excited I am that he is cuâ€¦ https://t.co/CUlJk6QpBf,146
340,CP3,53853197,6523,2019-01-11 01:02:54,"Driving home from Lil Chrisâ€™ practice and he asked me â€œDad, did papa experience segregation?...Did some white peoplâ€¦ https://t.co/0MbgozWahO",600
341,CP3,53853197,413,2019-01-10 22:58:10,Love seeing this!! Never too small to dream big! https://t.co/eOYHJHMYUy,35
342,CP3,53853197,113595,2019-01-05 18:23:17,It doesnâ€™t cost anything to be a good person....,42737
343,CP3,53853197,9216,2019-01-04 23:05:17,How is this even fair?? She shouldnâ€™t pay for someone elseâ€™s mistake. This is CRAZY!!!! https://t.co/5xvvdi6WHE,1897
344,CP3,53853197,0,2019-01-04 06:23:44,"RT @HoustonRockets: M.V.P.

GAME WINNER! https://t.co/nshRgCiZwX",7854
345,CP3,53853197,42027,2019-01-04 06:14:34,MVP ğŸ¤·ğŸ¾â€â™‚ï¸,9483
346,CP3,53853197,86067,2019-01-04 06:11:39,So we doin the #BirdBoxChallenge during NBA games now huh ğŸ¤”,18048
347,CP3,53853197,0,2019-01-03 20:05:34,"RT @BeyondMeat: Weâ€™ve teamed up with @CarlsJr to bring you their next iconic burger - The Beyond Famous Star! #BeyondxCarlsJr

Itâ€™s with inâ€¦",162
348,CP3,53853197,0,2019-01-02 18:07:24,RT @CoxMill_Bball: Congratulations to Wendell Moore Jr. for receiving the Most Outstanding Player award at the Beach Ball Classic #CoxMillHâ€¦,43
349,CP3,53853197,15896,2018-12-30 23:41:21,Been at this a long time... Happy birthday brother! #Brotherhood #HairlinesWasAlotDifferent ğŸ¤·ğŸ¾â€â™‚ï¸ https://t.co/pwlEp2Q0Ld,2225
350,CP3,53853197,0,2018-12-27 19:36:48,RT @KristineLeahy: Kobe left the game with four close friends... @realtuffjuice was one of them. Watch more of his interview here â€”&gt; https:â€¦,31
351,CP3,53853197,3704,2018-12-25 19:02:41,From our family to yours... MERRY CHRISTMAS!! https://t.co/8fmsFJtUg0,208
352,CP3,53853197,4363,2018-12-19 02:43:32,"Sure gonna miss hearing your words of encouragement Penny.. your family is in our prayers today, may you Rest In Peâ€¦ https://t.co/w2HGB04R56",305
353,CP3,53853197,215,2018-12-16 22:26:46,#ad At least #ColePerez is a really good agent. Itâ€™s the thought that counts. @StateFarm https://t.co/Vw2oZWGA8c,26
354,CP3,53853197,11451,2018-12-15 03:34:48,Smh,2065
355,CP3,53853197,272,2018-12-14 21:26:13,Some people just have the best ENERGY!!! @IamTinaThompson so good to talk to u at practice today! #RandomTweet,25
356,CP3,53853197,2293,2018-12-11 01:13:08,Happy 5th birthday Chloe &amp; Carder!!! Love you guys more than anything! #ProudUncle https://t.co/XbHL5Q7kHg,153
357,CP3,53853197,12909,2018-12-07 16:53:04,Simply grateful to get to hoop every day!! ğŸ™ğŸ¾ https://t.co/XW5MS8qwzE,1094
358,CP3,53853197,1638,2018-12-05 01:40:34,Just getting started lil bro! Good luck the rest of the way!! #TeamCP3 #FamilyTiesğŸ¤ğŸ¾ https://t.co/fPsj2IIrVj,138
359,CP3,53853197,0,2018-12-02 14:43:12,RT @D_West30: History is dope https://t.co/lRAuxZ8zWu,415
360,CP3,53853197,4797,2018-12-01 05:23:05,Sending my condolences to the Bush family tonight. Youâ€™re in our thoughts and prayers ğŸ™ğŸ¾ #41,430
361,CP3,53853197,1093,2018-11-27 20:55:17,My family and I took a trip to @WaltDisneyWorld over the summer and we canâ€™t wait to go back!! #ad https://t.co/fCgIavagNh,107
362,CP3,53853197,250,2018-11-26 20:15:02,Had a great time chatting @SBJLizMullen! https://t.co/7ETpYWaB8f,31
363,CP3,53853197,1158,2018-11-23 22:28:19,@JustinVerlander I want in on that action too...I got 100k for Charity #TheMatch,139
364,CP3,53853197,0,2018-11-22 21:51:16,RT @CP3Cares: Wishing a Happy Thanksgiving to everyone that came together this past weekend to assist us in giving back to deserving familiâ€¦,14
365,CP3,53853197,1417,2018-11-22 18:15:07,Bloodline!! #TeamCP3 #FamilyTiesğŸ¤ğŸ¾#KinstonsFinest https://t.co/uLEMf6FPAh,128
366,CP3,53853197,995,2018-11-22 04:46:06,S/O to my big cuz @RJJones49  somewhere screamin Sssssssssss U!!! #HBCUlove #RightHandMan https://t.co/AqTu9DzM8a,237
367,CP3,53853197,467,2018-11-21 16:41:34,#retweet4good https://t.co/tLqlAVv2Ax,172
368,CP3,53853197,10351,2018-11-21 03:18:18,61 ğŸ™ğŸ¾,1250
369,CP3,53853197,3903,2018-11-18 22:01:34,Another one!!! #TeamCP3 #FamilyTiesğŸ¤ğŸ¾#Tre4 https://t.co/wtI61qEILN,408
370,CP3,53853197,445,2018-11-17 20:49:14,Man what a pep rally we had yesterday at Paetow!! The energy was unreal!!! Shoutout to the @Jumpman23 fam that helpâ€¦ https://t.co/qYam3fiU4L,68
371,CP3,53853197,528,2018-11-16 16:28:27,"To anyone who as ever heard me and my family talk about our AAU program, the passion and the love that we have forâ€¦ https://t.co/aJCivd3wmx",49
372,CP3,53853197,11635,2018-11-15 16:37:14,Got me ready to put on a show! #TheGrail https://t.co/VXDlnEAni1,2704
373,CP3,53853197,5344,2018-11-15 14:51:38,Whole lotta buckets!!!! #Top5 #WillGetThereInAssistsToo ğŸ¤·ğŸ¾â€â™‚ï¸ https://t.co/SUYXou80IS,795
374,CP3,53853197,10553,2018-11-13 02:40:42,Prayers out to @CarisLeVert!!! Been watchin him play this season and Iâ€™ve loved every bit of it! Hate to see him get injured ğŸ™ğŸ¾,1322
375,CP3,53853197,248,2018-11-07 20:33:37,Keep grinding young fella @_TheRealChris20 https://t.co/I3FZoXm9UE,42
376,CP3,53853197,4213,2018-11-07 02:19:29,PROGRESS ğŸ™ŒğŸ¾ğŸ™ŒğŸ¾ğŸ™ŒğŸ¾ https://t.co/Q2P56jgVSn,752
377,CP3,53853197,0,2018-11-07 02:18:38,"RT @shaunking: BREAKING: Amendment 4 in Florida has just PASSED!

YES! YES! YES!

1.4 million former felons who had been banned from votingâ€¦",28600
378,CP3,53853197,12673,2018-11-06 14:56:50,VOTEâœ… #WhenWeAllVote https://t.co/sCjnB7okAK,1095
379,CP3,53853197,1583,2018-11-04 17:10:48,Welcome to the league âœŠğŸ¾ #TeamCP3 #FamilyTiesğŸ¤ğŸ¾ https://t.co/QAjoqcDIHK,150
380,CP3,53853197,0,2018-11-04 17:09:58,"RT @PlayersTribune: Exclusive: Today, @TheWNBPA agreed to opt out of its CBA.

Why?

For @Nnemkadi30 itâ€™s simple: Bet on women.

https://t.â€¦",922
381,CP3,53853197,557,2018-11-02 01:07:08,And this is why #ColePerez is the only agent for me. Remember this @JHarden13? https://t.co/8C044uqzqJ,70
382,CP3,53853197,34550,2018-11-01 03:17:39,s/o to @drose for the 50 piece tonight!!!,5281
383,CP3,53853197,3458,2018-10-31 22:11:29,Nothing but love âœŠğŸ¾ https://t.co/gCava1JQiw,952
384,CP3,53853197,951,2018-10-30 02:03:46,Our 1st Celebrity Server Dinner in Houston was a success!! Can't express how grateful my family &amp; I are for the supâ€¦ https://t.co/XCN4xte3ib,122
385,CP3,53853197,512,2018-10-26 20:38:50,"Never forget where you came from!!! âœŠğŸ¾
https://t.co/OvVUrRQmws",63
386,CP3,53853197,2823,2018-10-26 18:55:15,On it @MichelleObama! Getting my #VotingSquad together... I'm thinking @KevinHart4real @DwyaneWade @MooreMayaâ€¦ https://t.co/S5epCG4DbX,591
387,CP3,53853197,636,2018-10-24 02:12:55,ğŸ‘€ https://t.co/8n0VDutW8s,41
388,CP3,53853197,3475,2018-10-24 02:01:12,WoW!!! Great game! #PhillyVsDetroit,443
389,CP3,53853197,1555,2018-10-24 01:58:47,Big shot Bubs!!,154
390,CP3,53853197,782,2018-10-19 16:40:18,"When @carmeloanthony and @bleacherreport hit me about @trashaunwillis' inspiring story, I knew I was headed to hisâ€¦ https://t.co/BHBfdiWELr",171
391,CP3,53853197,3493,2018-10-17 17:47:13,"What more can I say?!?!? ğŸ¤˜ğŸ¾#RunItBack 
ğŸ“¸: @MistaDubb https://t.co/iB0xPTIIlh",896
392,CP3,53853197,527,2018-10-17 02:17:20,"Great movie coming out this Friday, make sure to check it out!!! @TheHateUGive https://t.co/iIk0JaqQp6",88
393,CP3,53853197,259,2018-10-16 19:13:31,#ad Anyone know a good vacation spot? My @StateFarm agent Cole could use a breakâ€¦ https://t.co/wfeZ5pkisa,37
394,CP3,53853197,6305,2018-10-16 03:28:06,My man @AaronRodgers12 is unreal if anybody was wondering....,1008
395,CP3,53853197,2038,2018-10-15 23:29:08,Tragic news ahead of the season... my thoughts and prayers go to his loved ones and everyone in the @trailblazers oâ€¦ https://t.co/UJNL3udYeb,134
396,CP3,53853197,0,2018-10-15 16:54:19,"RT @TheNBPA: We are happy to introduce Payne Brown, who will serve as the new President of our marketing and licensing subsidiary â€”""Think45â€¦",14
397,CP3,53853197,5056,2018-10-15 03:19:35,Thank you Tyreek Hill!!!!!! ğŸ™ğŸ¾ #FantasyFootball,608
398,CP3,53853197,4100,2018-10-14 02:34:43,I see you Correa!!!,508
399,CP3,53853197,4949,2018-10-14 00:53:06,Big hit Springer!!! #GoAstros,638
400,KDTrey5,35936474,0,2019-03-01 21:24:29,RT @35Ventures: Get behind the wheel with @KDTrey5 &amp; @trvisXX on @CarpoolKaraoke now: https://t.co/484PZyH5ff https://t.co/lEWan37VO2,239
401,KDTrey5,35936474,31708,2019-03-01 18:54:37,Took on @CarpoolKaraoke with @trvisXX - check it out on @AppleTV: https://t.co/6mHbUUAWxZ https://t.co/2PR3Vms36m,6021
402,KDTrey5,35936474,0,2019-02-28 21:58:05,RT @boardroom: We've got a lot to say about the business of social media with @jack @Ronnie2K @breannastewart @CJMcCollum @KDTrey5 and @reaâ€¦,57
403,KDTrey5,35936474,0,2019-02-24 19:56:22,RT @Nike: Show them what crazy dreams can do. #justdoit https://t.co/3fo2XMVkBT,192528
404,KDTrey5,35936474,0,2019-02-19 21:41:31,RT @boardroom: NBA players are already taking steps to learn the business off the court. Will more players follow Michael Jordanâ€™s lead? htâ€¦,52
405,KDTrey5,35936474,0,2019-02-17 17:21:28,"RT @boardroom: Behind the scenes of The Boardroom issue of ESPN Mag, on stands and online now: https://t.co/vbw2tRZnXh https://t.co/KZP6p52â€¦",51
406,KDTrey5,35936474,0,2019-02-15 16:48:47,"RT @boardroom: The Boardroom issue of ESPN Mag is on stands now, including a feature on @teamdurantaau @teamdurantgirls by @Schultz_Report.â€¦",42
407,KDTrey5,35936474,0,2019-02-14 19:51:42,RT @boardroom: .@KDTrey5 sees @kylekuzmaâ€™s potential on and off the court: https://t.co/0XrwAn57a8 https://t.co/CGlUTJUi0w,63
408,KDTrey5,35936474,0,2019-02-12 18:14:16,RT @boardroom: PJ Tucker is the Sneaker King for a reason. Watch Episode 1 of the Boardroom now on ESPN+ https://t.co/0XrwAn57a8 https://t.â€¦,51
409,KDTrey5,35936474,0,2019-02-11 17:46:48,"RT @espn: With ""The Boardroom"" on ESPN+, @KDTrey5, @RealJayWilliams and @richkleiman explore the changing culture of sports.

But that isn'â€¦",320
410,KDTrey5,35936474,0,2019-02-11 17:23:51,"RT @boardroom: Watch the first two episodes of The Boardroom now on ESPN+ @KDTrey5 @RealJayWilliams @richkleiman 
https://t.co/5yOqnkXuU9 hâ€¦",92
411,KDTrey5,35936474,0,2019-02-09 15:24:04,"RT @35Ventures: Watch â€œFor PG from KDâ€, an #SCFeatured look at @DurantCenter, now on @SportsCenter: https://t.co/FIROPtstmn https://t.co/TUâ€¦",105
412,KDTrey5,35936474,0,2019-01-24 15:50:36,RT @35Ventures: Kevin Durant launches @DurantCenter in hometown of Prince Georgeâ€™s County. @KDTrey5 @collegetrack https://t.co/NapMulCP23 hâ€¦,261
413,KDTrey5,35936474,11575,2019-01-24 04:07:38,Incredible to see this come to life and spend time with the class of 2026 today https://t.co/uKL4Clu6BT,1150
414,KDTrey5,35936474,0,2018-12-25 16:45:51,"RT @warriors: Go time.
Give the gift of #NBAAllStar votes â¬‡ï¸
   
1ï¸âƒ£ Visit https://t.co/21BdiFZ9la
2ï¸âƒ£ Vote for your Dubs 
3ï¸âƒ£ Tell your frâ€¦",547
415,KDTrey5,35936474,0,2018-12-18 19:57:22,RT @AlaskaAir: The season of giving is here so we teamed up with @KDTrey5 to surprise youth at @LarkinStreet and families at @HopeOEH withâ€¦,116
416,KDTrey5,35936474,0,2018-12-17 23:39:24,"RT @35Ventures: This weekend, the Kevin Durant Charity Foundation continued our annual tradition of bringing gifts and holiday cheer to youâ€¦",96
417,KDTrey5,35936474,0,2018-12-04 20:59:59,"RT @35Ventures: â€œSwaggerâ€, executive produced by @KDTrey5 and @richkleiman with Imagine Entertainment, has been ordered to series by Apple.â€¦",107
418,KDTrey5,35936474,0,2018-11-12 17:48:36,"RT @35Ventures: Announcing Thirty Five Ventures, the new home for @KDTrey5 &amp; @richkleiman's business and philanthropic endeavors: https://tâ€¦",65
419,KDTrey5,35936474,0,2018-11-12 17:48:05,RT @darrenrovell: SIGN OF THE TIMES: @KDTrey5 &amp; his business partner @richkleiman launch the first website solely dedicated to an athleteâ€™sâ€¦,122
420,KDTrey5,35936474,0,2018-11-07 01:42:36,RT @WhenWeAllVote: Polls are open until 8pm in California. Join the millions of voters who are making their voices heard in this historic eâ€¦,340
421,KDTrey5,35936474,0,2018-10-30 14:32:43,"RT @Livelyhsa: We are excited to share our Series A funding round, led by @costanoavc. Read the details
https://t.co/aSLCmtqxyn #livelyHSAâ€¦",25
422,KDTrey5,35936474,0,2018-10-19 22:21:09,RT @breannastewart: Had a great time with @KDTrey5 &amp; @MartySmithESPN chatting it up and shooting some hoops in Seattle!!! One mutual decisiâ€¦,84
423,KDTrey5,35936474,0,2018-10-18 22:33:48,"RT @MartySmithESPN: â€œAll you dudes at the 24 Hour Fitness that think you nice...â€
ğŸ˜‚ğŸ˜‚ğŸ˜‚

Watch my insightful (and funny) conversation w @KDTrâ€¦",514
424,KDTrey5,35936474,5710,2018-10-09 23:39:51,ğŸ™ğŸ¾ğŸ™ğŸ¾ğŸ™ğŸ¾ğŸ™ğŸ¾ğŸ™ğŸ¾ https://t.co/2kbjQjjIFx,633
425,KDTrey5,35936474,3296,2018-10-06 22:08:40,"@KesheaF I had a blast but I canâ€™t take all the credit. The @warriors and in particular, the Seattle legend Rick Weâ€¦ https://t.co/JIMKPvkzn1",140
426,KDTrey5,35936474,25,2018-10-06 21:48:28,@mark_tarver @kayemking @TexasFootball My bad my bad lol. Iâ€™m on edge right now,2
427,KDTrey5,35936474,15,2018-10-06 21:35:54,@mark_tarver @kayemking @TexasFootball The way u feel right now about the game....I feel the exact opposite,1
428,KDTrey5,35936474,54,2018-10-06 21:34:37,"@NikElite @PrimeeKD @BleacherReport If u talking about the past, somebody just bust ya ass. Take the L and move on lol",14
429,KDTrey5,35936474,145,2018-10-06 21:32:39,@kayemking @TexasFootball https://t.co/FhLs4mtxOA,22
430,KDTrey5,35936474,0,2018-10-05 23:15:45,RT @teamdurantaau: #TeamDurant coaches in the community helping out KDCF - BUILD IT AND THEY WILL BALL. Court opening at Hopkins Apartmentsâ€¦,104
431,KDTrey5,35936474,0,2018-10-05 22:55:04,RT @RISEtoWIN: RISEâ€™s nonpartisan #RISEtoVote campaign registered fans at @KDTrey5â€™s Charity Foundation court dedication in D.C. https://t.â€¦,71
432,KDTrey5,35936474,8180,2018-10-03 16:20:22,Huge game this weekend for @TexasFootball.Â Â Beat OU! #HookEm https://t.co/7olKK5jzQ2,1736
433,KDTrey5,35936474,0,2018-09-24 23:06:21,RT @AlaskaAir: We teamed up with MVP @KDTrey5 to surprise middle schoolers on their first day back at school. Their reaction? Priceless. Reâ€¦,110
434,KDTrey5,35936474,0,2018-09-24 15:43:53,RT @CJMcCollum: New deal ğŸš¨ My @PullUpPod co-host Jordan Schultz @Schultz_Report has reached an agreement w/@espn as an insider/analyst. Wilâ€¦,94
435,KDTrey5,35936474,0,2018-09-24 14:25:40,RT @RealJayWilliams: This episode of #TheBoardroom on @espn is going to blow people away abt the business of social media w/ @jack @Ronnie2â€¦,76
436,KDTrey5,35936474,2384,2018-09-24 14:08:29,Excited to officially announce that @thirtyfivemedia @richkleiman and I have partnered with @ESPN to create The Boaâ€¦ https://t.co/jfccdNpSU1,368
437,KDTrey5,35936474,1854,2018-09-22 23:34:40,Watching the Fantasy Experience teams put the work in...thanks @lyft for getting everyone to the events this weekenâ€¦ https://t.co/xfVC7T5Mk7,147
438,KDTrey5,35936474,1454,2018-09-22 22:04:44,Cool getting to meet some #DubNation @CitiPrivatePass cardmembers at my Fantasy Experience today #CloserToPro https://t.co/ek3Ubf9T5L,123
439,KDTrey5,35936474,1544,2018-09-22 18:37:29,Team @Airbnb is locked in today at my Basketball Fantasy Experience presented by @AlaskaAir https://t.co/woYl7FgZTt,143
440,KDTrey5,35936474,2798,2018-09-20 22:16:04,Almost go time! Canâ€™t wait to see everyone at my Basketball Fantasy Experience presented by @AlaskaAir this weekend https://t.co/MdzjvpcUpk,246
441,KDTrey5,35936474,1874,2018-09-15 15:26:30,A little @WoodenAward reunion at @LAAC on set for our show The Boardroom @RealJayWilliams @thirtyfivemedia https://t.co/uzd4I9m3tp,185
442,KDTrey5,35936474,1059,2018-09-10 18:07:59,"Looking forward to my Fantasy Experience later this month! Thanks to @CitiPrivatePass, Citi cardmembers can buy couâ€¦ https://t.co/mL7z5VmSYn",131
443,KDTrey5,35936474,0,2018-09-07 02:44:40,"RT @amfam: Kevin Durant @KDTrey5 chats with organizations that are empowering youth with tech opportunities.
Click to hear how the foundersâ€¦",65
444,KDTrey5,35936474,0,2018-08-30 17:20:14,RT @amfam: New episode of Dream to Achieve is out! @KDTrey5 talks about the importance of empowering youth and giving back to your communitâ€¦,58
445,KDTrey5,35936474,0,2018-08-29 13:56:31,RT @AmFamJack: Team @amfam definitely connects with @KDTrey5! Be sure to check out the 'Dream to Achieve' series. #DreamFearlessly https://â€¦,19
446,KDTrey5,35936474,0,2018-08-28 17:15:45,RT @Digiday: Kevin Durantâ€™s Thirty Five Media is an opportunity to diversify the NBA starâ€™s existing business with sponsors. https://t.co/vâ€¦,124
447,KDTrey5,35936474,740,2018-08-28 17:12:49,Ep 2 of Dream to Achieve w/@amfam is up now - at @BlackGirlsCode talking social good and tech with @6Gems andâ€¦ https://t.co/OSZSOhgbir,128
448,KDTrey5,35936474,12744,2018-08-26 15:55:34,"Well deserved, congrats @breannastewart ğŸ† https://t.co/aLvbtzxqoP",1170
449,KDTrey5,35936474,0,2018-08-24 17:59:30,"RT @VideoInkNews: Kevin Durantâ€™s Thirty Five Media Partners with American Family on â€˜Dream to Achieveâ€™ a New Branded Content Series
@thirtyâ€¦",38
450,KDTrey5,35936474,0,2018-08-24 17:58:20,RT @amfam: @KDTrey5 shares how he got involved in tech in the first episode of Dream to Achieve. Watch the full episode with health tech stâ€¦,38
451,KDTrey5,35936474,1094,2018-08-21 17:56:53,First episode in our new series w/@amfam - a great conversation with @richkleiman @adrianaoun &amp; @fritzanity about hâ€¦ https://t.co/9GecJQd8BS,191
452,KDTrey5,35936474,0,2018-08-20 22:55:31,"RT @SLAMonline: Two titles and 11 signature sneakers deep, Kevin Durant is on top and not going anywhere. You mad?

KD covers KICKS 21: httâ€¦",531
453,KDTrey5,35936474,5963,2018-08-04 14:06:09,ğŸ”¥ğŸ”¥ğŸ”¥ https://t.co/XQ4LTu5OIK,651
454,KDTrey5,35936474,13883,2018-08-01 20:41:29,@mynameis_kaylee Hereâ€™s that clout u ordered. Enjoy,2433
455,KDTrey5,35936474,0,2018-07-27 22:59:20,RT @breannastewart: #WNBAAllStar kick game ğŸ”¥ğŸ”¥ğŸ”¥ https://t.co/9hgjzwKEpA,503
456,KDTrey5,35936474,5074,2018-07-26 14:38:20,#Flight35 to Vegas was something special. https://t.co/ngGSZQpSMA https://t.co/2SVNZO5tjd,653
457,KDTrey5,35936474,0,2018-07-26 14:37:51,"RT @AlaskaAir: With a little help from our Advisor to the CEO, @KDTrey5 and @nikebasketball, we pulled off a day of surprises fit for an MVâ€¦",159
458,KDTrey5,35936474,8767,2018-07-26 01:29:44,"@JonesOnTheNBA So they can keep talking but I have to shutup? Sounds fishy to me but u know what, Iâ€™m not even alloâ€¦ https://t.co/i8W3zi8K49",1393
459,KDTrey5,35936474,36214,2018-07-26 01:04:13,"@CJMcCollum So,I would get into a gang fight, lose, plot on my brother for 2 months in our home and then go get theâ€¦ https://t.co/6Y60khvm2a",10841
460,KDTrey5,35936474,0,2018-07-19 15:26:31,"RT @WhenWeAllVote: Your vote is your voice. #WhenWeAllVote, we all do better. Register and volunteer at https://t.co/TgXnKAE7g8. https://t.â€¦",27142
461,KDTrey5,35936474,4659,2018-07-18 12:52:25,Thank u ESPN and everyone who keeps supporting the KDCF! https://t.co/xLolIVgNez,598
462,KDTrey5,35936474,0,2018-07-17 17:51:03,RT @StephenCurry30: Fresh new episode of my #5MinutesFromHome series is now live on YouTube! @KDTrey5 dropped in to help me surprise threeâ€¦,699
463,KDTrey5,35936474,1637,2018-07-17 17:43:40,Hit up NYC &amp; had to check out what was going on at @IamDyckman @NikeNYC https://t.co/haN7KuLeMQ https://t.co/7UDJzla3Ey,248
464,KDTrey5,35936474,2733,2018-07-14 14:13:43,Love getting to hit Peach Jam and check out the future of the NBA. Full video up now https://t.co/Fip6IL5u1l https://t.co/jThtoMNTPn,346
465,KDTrey5,35936474,3558,2018-07-13 14:35:15,Some incredible hoops at EYBL Nike Nationals in Chicago yesterday. Check it out on my YouTubeâ€¦ https://t.co/0wZnlcBKfK,494
466,KDTrey5,35936474,3132,2018-07-09 23:13:47,New KDCF court and amazing fans in  Taipei https://t.co/Jr0iHJ98RA,391
467,KDTrey5,35936474,15829,2018-07-08 17:58:07,MANILA #RiseGrindShineAgain https://t.co/nQCkfuahRN,3235
468,KDTrey5,35936474,4062,2018-07-07 15:48:06,Day 2 Guangzhou @nikebasketball #KD11 https://t.co/Gu4k15p7F5,490
469,KDTrey5,35936474,4366,2018-07-06 16:09:15,Guangzhou day 1 ğŸ”¥ğŸ”¥ğŸ”¥ @nikebasketball #daretobecome #KD11 https://t.co/93JQBx4LUR,591
470,KDTrey5,35936474,3359,2018-07-02 17:34:43,Just a few spots left in my 2nd Annual Fantasy Experience! Whoâ€™s got next? Join me at the @Warriors Practice Faciliâ€¦ https://t.co/90Gbsf8m4n,378
471,KDTrey5,35936474,11162,2018-06-26 14:34:39,"Thank u to the @NBA, the fans and my KDCF/KD Enterprises team for all the support. https://t.co/vybMqLTp8x",1301
472,KDTrey5,35936474,0,2018-06-22 14:30:57,"RT @acorns: Introducing Acorns Spend - the only checking account and debit card that saves, invests and earns for you! #FutureIsYours #Growâ€¦",187
473,KDTrey5,35936474,0,2018-06-13 23:41:12,"RT @RonConway: Kudos to @laurenepowell who is working tirelessly on education reform, immigration reform, and so many more worthwhile causeâ€¦",61
474,KDTrey5,35936474,0,2018-06-13 21:42:36,"RT @PlayersTribune: All-Access Bay Bash with @KDTrey5. 
https://t.co/nUMzmea45z",164
475,KDTrey5,35936474,1515,2018-06-13 17:57:07,"More on the colorways and design @nikebasketball #KD11 
https://t.co/19STMAsHJs",186
476,KDTrey5,35936474,1319,2018-06-13 17:56:34,First look at the #KD11 on my @youtube w @IAmJayJones : https://t.co/NXIjSIJL2L,207
477,KDTrey5,35936474,0,2018-06-13 13:04:31,RT @PlayersTribune: Inside the Warriors championship parade with Finals MVP @KDTrey5. https://t.co/AgcQ2geWk6,397
478,KDTrey5,35936474,0,2018-06-12 21:24:22,RT @IAmJayJones: MIND MATTERS E:2 with Kevin Durant| Discussing the NIKE KD11: https://t.co/auvPwqENVC via @YouTube,52
479,KDTrey5,35936474,0,2018-06-12 21:24:21,RT @IAmJayJones: KDâ€™s video: First Look at the KD 11 https://t.co/6wJRjbLMPf,90
480,KDTrey5,35936474,0,2018-06-12 21:23:23,RT @NikeSF: â€œYou can accomplish any goal by rising &amp; grinding: nothing worth having will come easy. Itâ€™s important for our youth to know thâ€¦,78
481,KDTrey5,35936474,0,2018-06-12 21:23:17,RT @NikeSF: â€œThere are so many heroes in my community that allow me to be here today. We grind through so many things &amp; this is our opportuâ€¦,45
482,KDTrey5,35936474,0,2018-06-12 21:23:15,RT @NikeSF: â€œWe donâ€™t do this for recognition. We donâ€™t do it for the shine. We do it for the community. But it feels good to get recognizeâ€¦,39
483,KDTrey5,35936474,0,2018-06-12 21:23:12,RT @NikeSF: @nikebasketball @KDTrey5 @warriors â€œWe work hard to build a foundation for our kids. To be able to lift &amp; empower people is magâ€¦,49
484,KDTrey5,35936474,0,2018-06-12 21:22:48,"RT @NikeSF: Rise. Grind. Shine. Again.

To celebrate the championship, weâ€™re celebrating Champions of Oakland, community members who sacrifâ€¦",162
485,KDTrey5,35936474,33495,2018-06-12 02:27:12,Tonight on @jimmykimmel https://t.co/36kAXE0j2D,3073
486,KDTrey5,35936474,19747,2018-06-10 17:44:30,Letâ€™s go #DubNation! Iâ€™ll be on @jimmykimmel Monday night (tomorrow) to celebrate our B2B championshipsğŸ†ğŸ†,2141
487,KDTrey5,35936474,0,2018-06-08 18:28:33,"RT @pieology: One assist deserves another. For every assist @KDTrey5 gets during tonightâ€™s game, @Pieology donates $1,000 to his foundationâ€¦",195
488,KDTrey5,35936474,5393,2018-06-04 16:41:30,ğŸ’¯ Very cool to watch this come together https://t.co/ZdRaUifC1g,462
489,KDTrey5,35936474,5113,2018-05-31 16:19:10,Checking in with y'all on @YouTube before Game 1...let's go #DubNation https://t.co/pW7slAQ0Sf,625
490,KDTrey5,35936474,0,2018-05-30 22:04:58,"RT @thirtyfivemedia: Stay tuned for our latest project, ""Q Ball"", executive produced by @KDTrey5 &amp; @richkleiman in conjunction w/Fox Sportsâ€¦",65
491,KDTrey5,35936474,0,2018-05-30 15:15:03,RT @AlaskaAir: Thank you to our entire team! Weâ€™re celebrating our 11th consecutive J.D. Power award for â€œHighest in Customer Satisfactionâ€¦,115
492,KDTrey5,35936474,0,2018-05-22 16:31:29,"RT @lonelywhale: ""Your sipping habits at 33,000 feet are about to get a makeover: Today, @AlaskaAir became the first U.S. airline to ban siâ€¦",71
493,KDTrey5,35936474,0,2018-05-22 16:01:39,RT @darrenrovell: I sat down with @KDTrey5 to discuss is growing business empire https://t.co/H6FnKfwo4b,259
494,KDTrey5,35936474,0,2018-05-19 15:02:55,RT @Essence: Two women make history as first Black female pilots to fly for Alaska Airlines. https://t.co/vxUuEpLa7R https://t.co/PiP7ERSSw1,573
495,KDTrey5,35936474,0,2018-05-03 16:54:41,"RT @pgcps: RT to vote for #KevinDurant for the #NBACommunityAssist Award!

The Durant Charity Foundation recently committed $10 million toâ€¦",1237
496,KDTrey5,35936474,0,2018-04-30 20:12:32,"RT @warriors: #KevinDurant is making a difference on &amp; off the court ğŸ’™ğŸ’›

RETWEET to vote for him for the #NBACommunityAssist Award! https:/â€¦",3840
497,KDTrey5,35936474,10254,2018-04-29 14:36:32,"Great home win last night, thank you #DubNation for always bringing the energy and to my guys @pieology for sending pizza for the team!",915
498,KDTrey5,35936474,0,2018-04-29 14:34:50,RT @AlaskaAir: Weâ€™re flying high into the semifinals with @KDTrey5. Weâ€™re giving two lucky fans a chance to win an autographed Kevin Durantâ€¦,1476
499,KDTrey5,35936474,8984,2018-04-25 21:23:31,"Thanks to everyone whoâ€™s voting, this one really means a lot to me https://t.co/y9SFme3Ppw",1547
500,StephenCurry30,42562446,654,2019-03-03 08:38:40,@ChrisBHaynes @LetsGoWarriors @boogiecousins Bigger than basketball! ğŸ™ğŸ½ #StephonClarke,71
501,StephenCurry30,42562446,10186,2019-03-02 01:54:55,Okay @sdotcurry I see you ğŸ°ğŸ°ğŸ°,543
502,StephenCurry30,42562446,15156,2019-02-28 00:15:33,Lock in! #DubNation,1588
503,StephenCurry30,42562446,17753,2019-02-25 23:42:40,Lock in! #DubNation,1877
504,StephenCurry30,42562446,19111,2019-02-24 01:16:12,Lock in! #DubNation,2148
505,StephenCurry30,42562446,20980,2019-02-22 21:33:12,#mood all day! https://t.co/LnKNORCtBU,2446
506,StephenCurry30,42562446,19580,2019-02-22 03:16:57,Lock in! #DubNation,2030
507,StephenCurry30,42562446,62293,2019-02-19 07:18:00,â€œWham Bam Can of Hamâ€ ğŸ˜‚ğŸ¤·ğŸ½â€â™‚ï¸ https://t.co/GfdobXYNXO,9883
508,StephenCurry30,42562446,9508,2019-02-17 17:25:28,The Koi Incident,808
509,StephenCurry30,42562446,0,2019-02-16 21:55:06,RT @DavidDTSS: a decade ago me and Stephen Curry were friends at Davidson with dreams. I dreamed of writing about MVPs for ESPN. He dreamedâ€¦,1649
510,StephenCurry30,42562446,8815,2019-02-15 02:42:56,TCC...See you tmw fellas! https://t.co/FzGHjPUJsb,714
511,StephenCurry30,42562446,13812,2019-02-14 03:17:20,Lock in! #DubNation,1525
512,StephenCurry30,42562446,15727,2019-02-13 03:12:30,Lock in! #DubNation,1751
513,StephenCurry30,42562446,26250,2019-02-12 21:24:18,Versus. Coming soon ğŸ‘€ https://t.co/Tn1flmq6eI,5625
514,StephenCurry30,42562446,21957,2019-02-11 06:20:19,ğŸ™ğŸ½ All love! Finish strong bro #icon https://t.co/9cIzij0Y3b,2136
515,StephenCurry30,42562446,15900,2019-02-11 01:15:40,Lock in! #DubNation,1827
516,StephenCurry30,42562446,4578,2019-02-09 22:42:11,"Pumped to join @AlexMorgan13 as a @PGAJrLeague ambassador. You get to wear a jersey, play with your friends, and haâ€¦ https://t.co/CagXmBcQrR",437
517,StephenCurry30,42562446,286,2019-02-09 00:32:21,@PaulRabil I gave it my best. Footwork sliders all the way up. Thatâ€™s all I got!,18
518,StephenCurry30,42562446,11744,2019-02-08 21:41:32,â€œIâ€™m bless!â€ Working on Excellence #WOE,1249
519,StephenCurry30,42562446,16178,2019-02-07 03:15:43,Lock in! #DubNation,1811
520,StephenCurry30,42562446,11991,2019-02-05 22:32:27,So much Respect for this @MooreMaya. God Bless ğŸ™ğŸ½ https://t.co/Bt4amUFuGl,1302
521,StephenCurry30,42562446,16317,2019-02-01 23:19:05,â­ï¸â­ï¸â­ï¸,1418
522,StephenCurry30,42562446,15295,2019-02-01 03:13:23,Lock in! #DubNation,1798
523,StephenCurry30,42562446,17199,2019-01-28 23:49:55,Lock in! #DubNation,1956
524,StephenCurry30,42562446,22228,2019-01-27 01:20:22,Lock in! #DubNation,2615
525,StephenCurry30,42562446,293,2019-01-25 22:56:12,@nowthisnews @SydelCurryLee hello!,18
526,StephenCurry30,42562446,18083,2019-01-25 00:40:36,Lock in! #DubNation,1999
527,StephenCurry30,42562446,7534,2019-01-24 22:01:48,"Blessed to have spent last night screening our film Emanuel, executive produced by Unanimous Media and in theatersâ€¦ https://t.co/MD7HbQkR4X",785
528,StephenCurry30,42562446,0,2019-01-24 02:54:51,"RT @nytimes: We're live with @laurettaland, race-related editor for the New York Times, and @StephenCurry30, discussing â€œEmanuel,"" a documeâ€¦",265
529,StephenCurry30,42562446,0,2019-01-23 05:12:45,RT @latelateshow: Big #LateLateShow tonight with @StephenCurry30 @ReginaKing @RonFunches and music from @LaurenJauregui! https://t.co/FbZR2â€¦,989
530,StephenCurry30,42562446,46581,2019-01-23 03:39:34,You see what had happened was... https://t.co/i6oflFzl9I,7480
531,StephenCurry30,42562446,4623,2019-01-22 22:41:06,Stop 1 of the #UnderRatedTour is a wrap! Loved the energy LA brought. Letâ€™s see if D.C. can match it @RakutenUS https://t.co/wJzNLLEYnV,382
532,StephenCurry30,42562446,0,2019-01-21 09:23:43,RT @Underratedtour: First stop complete! Thank you Los Angeles! https://t.co/bKq4TpCLJo,236
533,StephenCurry30,42562446,6855,2019-01-20 20:50:01,This is what it's all about! ğŸ‘ğŸ½ğŸ‘ğŸ½ğŸ‘ğŸ½ https://t.co/3BsC2Nxv1L,532
534,StephenCurry30,42562446,1944,2019-01-18 20:23:43,@ayeshacurry @GoDaddy I see you baby ğŸ˜,119
535,StephenCurry30,42562446,41,2019-01-18 20:15:10,@DeVonFranklin @SeeBreakthrough @TheNBPA What he said!!!,3
536,StephenCurry30,42562446,19196,2019-01-18 18:09:30,â¤ï¸â¤ï¸â¤ï¸,1668
537,StephenCurry30,42562446,0,2019-01-17 23:21:52,RT @HowardU: Join @StephenCurry30 for the debut screening of 'Emanuel' on Jan. 23rd. The documentary tells the story of #DylannRoof walkingâ€¦,174
538,StephenCurry30,42562446,6921,2019-01-17 21:22:39,ğŸ‘ğŸ½ğŸ‘ğŸ½ğŸ‘ğŸ½ https://t.co/N8MLPmOH5p,599
539,StephenCurry30,42562446,17137,2019-01-17 03:20:52,Lock in! #DubNation,1889
540,StephenCurry30,42562446,21211,2019-01-16 05:43:56,ğŸ˜ https://t.co/Pb5zqTJqUS,1800
541,StephenCurry30,42562446,16309,2019-01-16 01:46:09,Lock in! #DubNation,1884
542,StephenCurry30,42562446,20015,2019-01-13 23:48:07,Lock in! #DubNation,2032
543,StephenCurry30,42562446,1398,2019-01-13 01:19:08,@Suns @NBATV @DevinBook ğŸ™ğŸ½ 2.5 million times!!!,114
544,StephenCurry30,42562446,0,2019-01-12 21:10:45,RT @brmckillop1: I LOVE DAVIDSON BASKETBALL #TCC #CATSWIN,56
545,StephenCurry30,42562446,0,2019-01-12 21:10:39,RT @JackGibbs_12: Thatâ€™s how you grind out a win! Letâ€™s go @DavidsonMBB ! BIG TIME W! #TCC,42
546,StephenCurry30,42562446,0,2019-01-12 09:45:30,"RT @AJ_McCord: Not sure if @sdotcurry is wishing @realdellcurry luck on the broadcast, or if Dell is wishing Seth luck on his game...eitherâ€¦",156
547,StephenCurry30,42562446,11301,2019-01-12 09:45:19,Much love Jet ğŸ™ğŸ½ https://t.co/XwgUn3emJ7,867
548,StephenCurry30,42562446,30653,2019-01-12 09:43:10,Much respect my man! This right here was dreams back in the day! #millertime https://t.co/9XQVN8vgLF,3869
549,StephenCurry30,42562446,16872,2019-01-12 03:15:41,Lock in! #DubNation,1775
550,StephenCurry30,42562446,29462,2019-01-11 21:19:52,My home since â€˜09. Got my heart too. â€œâ¤ï¸ of the town!â€ https://t.co/LUkkS3qbCY,2745
551,StephenCurry30,42562446,20905,2019-01-11 05:26:01,@BleacherReport No. Nope. Na. Hell no!,2992
552,StephenCurry30,42562446,61743,2019-01-11 04:54:09,Man this OKC Spurs game...basketball is very good!,7367
553,StephenCurry30,42562446,7825,2019-01-11 03:31:33,s/o to @INFINITIUSA for letting me check out the QX inspiration ahead of its debut at the 2019 North American Interâ€¦ https://t.co/XCWb7e3das,1088
554,StephenCurry30,42562446,148,2019-01-10 07:00:45,@COSeezy Yessir. Headband @sdotcurry has arrived,9
555,StephenCurry30,42562446,13127,2019-01-10 07:00:10,Like a boss... https://t.co/egw55Fboj5,820
556,StephenCurry30,42562446,4859,2019-01-10 03:01:44,@ThomasDavisSDTM Thank you for representing the city the way you did bro! Nothing but respect for you and your famiâ€¦ https://t.co/gUXu5OCqfS,679
557,StephenCurry30,42562446,33902,2019-01-09 19:33:19,#UnderRatedTour coming soon https://t.co/FtJ01aJHhs,5283
558,StephenCurry30,42562446,8045,2019-01-09 14:43:18,The Underrated Tour powered by @RakutenUS coming soon. Check out my Underrated story below,1696
559,StephenCurry30,42562446,942,2019-01-09 07:51:36,@ThompsonScribe Mama donâ€™t get no money tonight ğŸ™ğŸ½,90
560,StephenCurry30,42562446,0,2019-01-08 05:50:56,RT @UAbasketball: .@stephencurry30 surprised 250+ Oakland area high school teams with pairs of the â€œFox Theaterâ€ #Curry6 and then invited aâ€¦,374
561,StephenCurry30,42562446,11472,2019-01-07 00:16:18,The Moon Landing shoes are officially live for auction! All proceeds are going to STEM education initiatives in theâ€¦ https://t.co/kNC1mzpT68,1378
562,StephenCurry30,42562446,9936,2019-01-06 07:25:31,The Town showed out last night! Appreciate the love and lets keep the celebration rolling #RuinTheGame https://t.co/RjavPNRV3l,887
563,StephenCurry30,42562446,11089,2019-01-04 23:36:55,Curry 6 â€œFox Theaterâ€ is live ğŸ‘€ğŸ‘€ğŸ‘€,1030
564,StephenCurry30,42562446,19579,2019-01-04 03:16:45,Lock in! #DubNation,2339
565,StephenCurry30,42562446,15757,2019-01-02 22:24:36,Wow. Yâ€™all wild for this one! How about telling people when to come by instead of the click bait! Tickets availableâ€¦ https://t.co/MvGudgVFJu,2449
566,StephenCurry30,42562446,5799,2019-01-01 07:35:10,Much love to the next generation on the field! #RuinTheGame https://t.co/DBR2ei65aG,417
567,StephenCurry30,42562446,19026,2019-01-01 01:46:33,Lock in! #DubNation,1900
568,StephenCurry30,42562446,5400,2018-12-29 19:50:39,S/o to @BritaUSA for enabling me to be a part of the Filter for the Future program! Now 100 Brita Hydration Stationâ€¦ https://t.co/pppm4ENnXR,499
569,StephenCurry30,42562446,31395,2018-12-26 00:44:46,Lock in! #DubNation,4116
570,StephenCurry30,42562446,23125,2018-12-24 01:17:21,Lock in! #DubNation,2469
571,StephenCurry30,42562446,4458,2018-12-22 21:26:32,ğŸ‘€ https://t.co/FWMYRDI5zp,379
572,StephenCurry30,42562446,15327,2018-12-22 17:43:59,SC30 x Oakland 472 9th St. https://t.co/YqJqUIedq5,1933
573,StephenCurry30,42562446,17049,2018-12-15 02:46:04,Lock in! #DubNation,1967
574,StephenCurry30,42562446,2516,2018-12-12 03:52:43,Thanks for all the great questions. Will be back to do another Q&amp;A soon #Curry6 #AskSteph,150
575,StephenCurry30,42562446,3902,2018-12-12 02:53:49,"Q: #asksteph what will make the curry 6 different from all the other shoes you have made ?
- @evelintrejoo

A: https://t.co/VpZxWBhu1d",353
576,StephenCurry30,42562446,2151,2018-12-12 02:52:11,Q: Whatâ€™s an achievement that youâ€™ve yet to accomplish on or off the court that you want to pursue next? #AskStephâ€¦ https://t.co/jo4R5qj7Xx,215
577,StephenCurry30,42562446,1193,2018-12-12 02:48:29,"Q: What was the thought process while designing the Curry 6? #AskSteph
- @IMG_98

A: https://t.co/WJYmRejAwa",125
578,StephenCurry30,42562446,2384,2018-12-12 02:45:34,Q: Do you still play poker on the plane and if so did @KlayThompson miss his flush draw....again...... #AskStephâ€¦ https://t.co/0b5FLtH5TX,295
579,StephenCurry30,42562446,2194,2018-12-12 02:24:08,Celebrating my 10 years playing in â€œThe Townâ€ https://t.co/t1cNCntlfe,240
580,StephenCurry30,42562446,13525,2018-12-12 02:23:43,2 surgeries and some doubt about if I would be the same player again. But pushed through with faith and patience. https://t.co/8Ydov70vC8,1496
581,StephenCurry30,42562446,11838,2018-12-12 02:09:25,"Whatâ€™s up guys, I'm doing a Q&amp;A in 30 minutes to talk Curry 6.  Hit me with your questions using #AskSteph https://t.co/HQ2lZ7VNpn",1013
582,StephenCurry30,42562446,168775,2018-12-11 20:18:22,ğŸ˜ https://t.co/9RrIzk1Kp4,16614
583,StephenCurry30,42562446,8982,2018-12-07 03:42:30,I love the excitement Pops! But just asked coach Kerr is he remembered this game....he did! Yâ€™all tied the series 1â€¦ https://t.co/wYKp27Gm9p,905
584,StephenCurry30,42562446,17093,2018-12-07 02:51:21,So dope Loon! Congrats bro https://t.co/XO3OIIdNKq,1677
585,StephenCurry30,42562446,18006,2018-12-07 00:01:50,Learn something new every day..#nailedit,3613
586,StephenCurry30,42562446,0,2018-12-06 05:24:30,"RT @JonasJerebko: Another W in Cleveland tn. Now âœˆï¸ to Milwaukee for last game on this roadtrip. #dubnation #NBAseğŸ‡¸ğŸ‡ª @ Cleveland, Ohio httpâ€¦",132
587,StephenCurry30,42562446,3154,2018-12-05 17:33:09,#BreakthroughMovie trailer is here!  Donâ€™t forget your tissues when you @SeeBreakthrough this Easter. https://t.co/yfIjS49zon,458
588,StephenCurry30,42562446,2708,2018-12-04 17:37:36,"Conversational commerce is the future. For @SnapTravel, itâ€™s already here. Hyped to invest in a company disruptingâ€¦ https://t.co/ONngvXIuNm",258
589,StephenCurry30,42562446,17108,2018-12-04 00:11:01,Lock in! #DubNation,2212
590,StephenCurry30,42562446,25079,2018-12-01 23:28:26,Lock in! #DubNation,3634
591,StephenCurry30,42562446,218769,2018-11-29 14:33:49,Appreciate you helping us get better Riley! We got you. #MoreToCome https://t.co/UBoTklvwhg,34623
592,StephenCurry30,42562446,7688,2018-11-26 20:46:10,One last run in Oakland #LockIn ğŸ”’ also peep the kicks ğŸ‘€ https://t.co/LlLeBDtte8,967
593,StephenCurry30,42562446,116294,2018-11-23 21:42:14,Donâ€™t need any reminders but All the Time God is Great and God is Great all the time! Appreciate all the texts.,18918
594,StephenCurry30,42562446,5649,2018-11-16 23:50:44,"Somebody had to learn the hard way - don't break any international laws on my watch! 

https://t.co/cP8vgQcdco",504
595,StephenCurry30,42562446,0,2018-11-16 17:40:48,RT @UAnews: This colorway of the #Curry5 is now available on https://t.co/JfPrGPSn3v and is inspired by the passion and hard work of someonâ€¦,531
596,StephenCurry30,42562446,13378,2018-11-15 23:11:40,Iâ€™m bringing the wallet as long as youâ€™re giving up strokes. Invite @PhilMickelson too! https://t.co/q7BQiOp8Jx,1262
597,StephenCurry30,42562446,4936,2018-11-13 02:09:50,âœŠğŸ½ https://t.co/P3eOKj2ve6,327
598,StephenCurry30,42562446,3433,2018-11-13 02:07:32,Great question! Canâ€™t be that big a differenceâ€¦Besides killing my tunnel shot at home games! https://t.co/fsII9SuTO6,268
599,StephenCurry30,42562446,0,2018-11-11 05:25:46,RT @warriors: Quinn was cookin' tonight ğŸ’ª https://t.co/KlerCluTXj,1172
