Name,User_Name
LeBron James,KingJames
LeBron James,KingJames
LeBron James,KingJames
LeBron James,KingJames
LeBron James,KingJames
LeBron James,
LeBron James,856
LeBron James,KingJames
LeBron James,KingJames
LeBron James,
LeBron James, including Anthony Davis
LeBron James,KingJames
LeBron James,KingJames
LeBron James,KingJames
LeBron James,
LeBron James,176
LeBron James,KingJames
LeBron James,KingJames
LeBron James,KingJames
LeBron James,
LeBron James,338
LeBron James,KingJames
LeBron James,KingJames
LeBron James,KingJames
LeBron James,KingJames
LeBron James,KingJames
LeBron James,KingJames
LeBron James,KingJames
LeBron James,KingJames
LeBron James,KingJames
LeBron James,KingJames
LeBron James,KingJames
LeBron James,KingJames
LeBron James,KingJames
LeBron James,KingJames
LeBron James,KingJames
LeBron James,KingJames
LeBron James,KingJames
LeBron James,KingJames
LeBron James,KingJames
LeBron James,KingJames
LeBron James,KingJames
LeBron James,KingJames
LeBron James,KingJames
LeBron James,KingJames
LeBron James,KingJames
LeBron James,KingJames
LeBron James,KingJames
LeBron James,KingJames
LeBron James,KingJames
LeBron James,KingJames
LeBron James,KingJames
LeBron James,KingJames
Rajon Rondo,RajonRondo
Rajon Rondo,RajonRondo
Rajon Rondo,RajonRondo
Rajon Rondo,RajonRondo
Rajon Rondo,RajonRondo
Rajon Rondo,RajonRondo
Rajon Rondo,RajonRondo
Rajon Rondo,
Rajon Rondo,258
Rajon Rondo,RajonRondo
Rajon Rondo,RajonRondo
Rajon Rondo,RajonRondo
Rajon Rondo,RajonRondo
Rajon Rondo,RajonRondo
Rajon Rondo,RajonRondo
Rajon Rondo,RajonRondo
Rajon Rondo,RajonRondo
Rajon Rondo,RajonRondo
Rajon Rondo,RajonRondo
Rajon Rondo,RajonRondo
Rajon Rondo,RajonRondo
Rajon Rondo,RajonRondo
Rajon Rondo,RajonRondo
Rajon Rondo,RajonRondo
Rajon Rondo,RajonRondo
Rajon Rondo,RajonRondo
Rajon Rondo,RajonRondo
Rajon Rondo,RajonRondo
Rajon Rondo,RajonRondo
Rajon Rondo,RajonRondo
Rajon Rondo,RajonRondo
Rajon Rondo,RajonRondo
Rajon Rondo,RajonRondo
Rajon Rondo,RajonRondo
Rajon Rondo,RajonRondo
Rajon Rondo,RajonRondo
Rajon Rondo,RajonRondo
Rajon Rondo,RajonRondo
Rajon Rondo,RajonRondo
Rajon Rondo,RajonRondo
Rajon Rondo,RajonRondo
Rajon Rondo,RajonRondo
Rajon Rondo,RajonRondo
Rajon Rondo,RajonRondo
Rajon Rondo,RajonRondo
Rajon Rondo,RajonRondo
Rajon Rondo,RajonRondo
Rajon Rondo,RajonRondo
Rajon Rondo,RajonRondo
Rajon Rondo,RajonRondo
Rajon Rondo,RajonRondo
Rajon Rondo,RajonRondo
Rajon Rondo,RajonRondo
Rajon Rondo,RajonRondo
Rajon Rondo,RajonRondo
Rajon Rondo,RajonRondo
Rajon Rondo,RajonRondo
Rajon Rondo,RajonRondo
Rajon Rondo,RajonRondo
Rajon Rondo,RajonRondo
Rajon Rondo,RajonRondo
Rajon Rondo,RajonRondo
Rajon Rondo,RajonRondo
Rajon Rondo,RajonRondo
Rajon Rondo,RajonRondo
Rajon Rondo,RajonRondo
Rajon Rondo,RajonRondo
Rajon Rondo,RajonRondo
Rajon Rondo,RajonRondo
Rajon Rondo,RajonRondo
Rajon Rondo,RajonRondo
Rajon Rondo,RajonRondo
Rajon Rondo,RajonRondo
Rajon Rondo,RajonRondo
Rajon Rondo,RajonRondo
Rajon Rondo,RajonRondo
Rajon Rondo,RajonRondo
Rajon Rondo,RajonRondo
Rajon Rondo,RajonRondo
Rajon Rondo,RajonRondo
Rajon Rondo,RajonRondo
Rajon Rondo,RajonRondo
Rajon Rondo,RajonRondo
Rajon Rondo,RajonRondo
Rajon Rondo,RajonRondo
Rajon Rondo,RajonRondo
Rajon Rondo,RajonRondo
Rajon Rondo,RajonRondo
James Harden,JHarden13
James Harden,JHarden13
James Harden,JHarden13
James Harden,JHarden13
James Harden,JHarden13
James Harden,JHarden13
James Harden,JHarden13
James Harden,JHarden13
James Harden,JHarden13
James Harden,JHarden13
James Harden,JHarden13
James Harden,JHarden13
James Harden,JHarden13
James Harden,JHarden13
James Harden,JHarden13
James Harden,JHarden13
James Harden,JHarden13
James Harden,JHarden13
James Harden,JHarden13
James Harden,JHarden13
James Harden,JHarden13
James Harden,JHarden13
James Harden,JHarden13
James Harden,JHarden13
James Harden,JHarden13
James Harden,
James Harden,2552
James Harden,JHarden13
James Harden,JHarden13
James Harden,JHarden13
James Harden,JHarden13
James Harden,JHarden13
James Harden,JHarden13
James Harden,JHarden13
James Harden,JHarden13
James Harden,JHarden13
James Harden,JHarden13
James Harden,JHarden13
James Harden,JHarden13
James Harden,JHarden13
James Harden,JHarden13
James Harden,JHarden13
James Harden,JHarden13
James Harden,JHarden13
James Harden,JHarden13
James Harden,JHarden13
James Harden,JHarden13
James Harden,JHarden13
James Harden,JHarden13
James Harden,JHarden13
James Harden,JHarden13
James Harden,JHarden13
James Harden,JHarden13
James Harden,JHarden13
James Harden,JHarden13
James Harden,JHarden13
James Harden,JHarden13
James Harden,JHarden13
James Harden,JHarden13
James Harden,JHarden13
James Harden,JHarden13
James Harden,JHarden13
James Harden,JHarden13
James Harden,JHarden13
James Harden,JHarden13
James Harden,JHarden13
James Harden,JHarden13
James Harden,JHarden13
James Harden,JHarden13
James Harden,JHarden13
James Harden,JHarden13
James Harden,JHarden13
James Harden,JHarden13
James Harden,JHarden13
James Harden,JHarden13
James Harden,JHarden13
James Harden,JHarden13
James Harden,JHarden13
James Harden,JHarden13
James Harden,JHarden13
James Harden,JHarden13
James Harden,JHarden13
James Harden,JHarden13
James Harden,JHarden13
James Harden,JHarden13
James Harden,JHarden13
James Harden,JHarden13
James Harden,JHarden13
James Harden,JHarden13
James Harden,JHarden13
James Harden,JHarden13
James Harden,JHarden13
James Harden,JHarden13
James Harden,JHarden13
James Harden,JHarden13
James Harden,JHarden13
James Harden,JHarden13
James Harden,JHarden13
James Harden,JHarden13
Chris Paul,CP3
Chris Paul,CP3
Chris Paul,CP3
Chris Paul,CP3
Chris Paul,CP3
Chris Paul,CP3
Chris Paul,CP3
Chris Paul,CP3
Chris Paul,CP3
Chris Paul,CP3
Chris Paul,CP3
Chris Paul,CP3
Chris Paul,CP3
Chris Paul,CP3
Chris Paul,CP3
Chris Paul,CP3
Chris Paul,29
Chris Paul,CP3
Chris Paul,CP3
Chris Paul,
Chris Paul,13
Chris Paul,CP3
Chris Paul,CP3
Chris Paul,CP3
Chris Paul,CP3
Chris Paul,CP3
Chris Paul,CP3
Chris Paul,CP3
Chris Paul,CP3
Chris Paul,CP3
Chris Paul,CP3
Chris Paul,CP3
Chris Paul,CP3
Chris Paul,CP3
Chris Paul,CP3
Chris Paul,CP3
Chris Paul,CP3
Chris Paul,CP3
Chris Paul,CP3
Chris Paul,CP3
Chris Paul,CP3
Chris Paul,CP3
Chris Paul,CP3
Chris Paul,CP3
Chris Paul,CP3
Chris Paul,CP3
Chris Paul,CP3
Chris Paul,CP3
Chris Paul,CP3
Chris Paul,CP3
Chris Paul,CP3
Chris Paul,CP3
Chris Paul,CP3
Chris Paul,CP3
Chris Paul,CP3
Chris Paul,CP3
Chris Paul,CP3
Chris Paul,CP3
Chris Paul,CP3
Chris Paul,CP3
Chris Paul,CP3
Chris Paul,CP3
Chris Paul,CP3
Chris Paul,CP3
Chris Paul,CP3
Chris Paul,CP3
Chris Paul,CP3
Chris Paul,
Chris Paul,
Chris Paul,
Chris Paul,
Chris Paul,
Chris Paul,922
Chris Paul,CP3
Chris Paul,CP3
Chris Paul,CP3
Chris Paul,CP3
Chris Paul,CP3
Chris Paul,CP3
Chris Paul,CP3
Chris Paul,CP3
Chris Paul,CP3
Chris Paul,CP3
Chris Paul,CP3
Chris Paul,CP3
Chris Paul,CP3
Chris Paul,CP3
Chris Paul,CP3
Chris Paul,CP3
Chris Paul,CP3
Chris Paul,CP3
Chris Paul,CP3
Chris Paul,CP3
Chris Paul,CP3
Kevin Durant,KDTrey5
Kevin Durant,KDTrey5
Kevin Durant,KDTrey5
Kevin Durant,KDTrey5
Kevin Durant,KDTrey5
Kevin Durant,KDTrey5
Kevin Durant,KDTrey5
Kevin Durant,KDTrey5
Kevin Durant,KDTrey5
Kevin Durant,92
Kevin Durant,KDTrey5
Kevin Durant,
Kevin Durant,
Kevin Durant,
Kevin Durant,
Kevin Durant,547
Kevin Durant,KDTrey5
Kevin Durant,KDTrey5
Kevin Durant,KDTrey5
Kevin Durant,25
Kevin Durant,KDTrey5
Kevin Durant,KDTrey5
Kevin Durant,KDTrey5
Kevin Durant,KDTrey5
Kevin Durant,KDTrey5
Kevin Durant,KDTrey5
Kevin Durant,KDTrey5
Kevin Durant,KDTrey5
Kevin Durant,KDTrey5
Kevin Durant,KDTrey5
Kevin Durant,KDTrey5
Kevin Durant,KDTrey5
Kevin Durant,KDTrey5
Kevin Durant,KDTrey5
Kevin Durant,KDTrey5
Kevin Durant,KDTrey5
Kevin Durant,KDTrey5
Kevin Durant,KDTrey5
Kevin Durant,KDTrey5
Kevin Durant,KDTrey5
Kevin Durant,KDTrey5
Kevin Durant,
Kevin Durant,531
Kevin Durant,KDTrey5
Kevin Durant,KDTrey5
Kevin Durant,KDTrey5
Kevin Durant,KDTrey5
Kevin Durant,KDTrey5
Kevin Durant,KDTrey5
Kevin Durant,KDTrey5
Kevin Durant,KDTrey5
Kevin Durant,KDTrey5
Kevin Durant,KDTrey5
Kevin Durant,KDTrey5
Kevin Durant,KDTrey5
Kevin Durant,KDTrey5
Kevin Durant,KDTrey5
Kevin Durant,KDTrey5
Kevin Durant,KDTrey5
Kevin Durant,KDTrey5
Kevin Durant,KDTrey5
Kevin Durant,KDTrey5
Kevin Durant,KDTrey5
Kevin Durant,KDTrey5
Kevin Durant,KDTrey5
Kevin Durant,KDTrey5
Kevin Durant,KDTrey5
Kevin Durant,KDTrey5
Kevin Durant,
Kevin Durant,3840
Kevin Durant,KDTrey5
Kevin Durant,KDTrey5
Kevin Durant,KDTrey5
Stephen Curry,StephenCurry30
Stephen Curry,StephenCurry30
Stephen Curry,StephenCurry30
Stephen Curry,StephenCurry30
Stephen Curry,StephenCurry30
Stephen Curry,StephenCurry30
Stephen Curry,StephenCurry30
Stephen Curry,StephenCurry30
Stephen Curry,StephenCurry30
Stephen Curry,StephenCurry30
Stephen Curry,StephenCurry30
Stephen Curry,StephenCurry30
Stephen Curry,StephenCurry30
Stephen Curry,StephenCurry30
Stephen Curry,StephenCurry30
Stephen Curry,StephenCurry30
Stephen Curry,StephenCurry30
Stephen Curry,StephenCurry30
Stephen Curry,StephenCurry30
Stephen Curry,StephenCurry30
Stephen Curry,StephenCurry30
Stephen Curry,StephenCurry30
Stephen Curry,StephenCurry30
Stephen Curry,StephenCurry30
Stephen Curry,StephenCurry30
Stephen Curry,StephenCurry30
Stephen Curry,StephenCurry30
Stephen Curry,StephenCurry30
Stephen Curry,StephenCurry30
Stephen Curry,StephenCurry30
Stephen Curry,StephenCurry30
Stephen Curry,StephenCurry30
Stephen Curry,StephenCurry30
Stephen Curry,StephenCurry30
Stephen Curry,StephenCurry30
Stephen Curry,StephenCurry30
Stephen Curry,StephenCurry30
Stephen Curry,StephenCurry30
Stephen Curry,StephenCurry30
Stephen Curry,StephenCurry30
Stephen Curry,StephenCurry30
Stephen Curry,StephenCurry30
Stephen Curry,StephenCurry30
Stephen Curry,StephenCurry30
Stephen Curry,StephenCurry30
Stephen Curry,StephenCurry30
Stephen Curry,StephenCurry30
Stephen Curry,StephenCurry30
Stephen Curry,StephenCurry30
Stephen Curry,StephenCurry30
Stephen Curry,StephenCurry30
Stephen Curry,StephenCurry30
Stephen Curry,StephenCurry30
Stephen Curry,StephenCurry30
Stephen Curry,StephenCurry30
Stephen Curry,StephenCurry30
Stephen Curry,StephenCurry30
Stephen Curry,StephenCurry30
Stephen Curry,StephenCurry30
Stephen Curry,StephenCurry30
Stephen Curry,StephenCurry30
Stephen Curry,StephenCurry30
Stephen Curry,StephenCurry30
Stephen Curry,StephenCurry30
Stephen Curry,StephenCurry30
Stephen Curry,StephenCurry30
Stephen Curry,StephenCurry30
Stephen Curry,StephenCurry30
Stephen Curry,StephenCurry30
Stephen Curry,StephenCurry30
Stephen Curry,StephenCurry30
Stephen Curry,StephenCurry30
Stephen Curry,StephenCurry30
Stephen Curry,StephenCurry30
Stephen Curry,StephenCurry30
Stephen Curry,StephenCurry30
Stephen Curry,StephenCurry30
Stephen Curry,StephenCurry30
Stephen Curry,StephenCurry30
Stephen Curry,StephenCurry30
