id,post,likes,links,permalink,related_screen_name
1t2hyw,"Steph Curry goes HAM",1,http://www.youtube.com/watch?v=Dbk7BlCShsE,/r/stephencurry/comments/1t2hyw/steph_curry_goes_ham/,r_stephencurry
1t2ktb,"Steph Curry has yet to be elected to an All-Star Game. This is a considerable tragedy",1,https://www.youtube.com/watch?v=0nYYxexNFSI,/r/stephencurry/comments/1t2ktb/steph_curry_has_yet_to_be_elected_to_an_allstar/,r_stephencurry
1uy3iq,"Just another game-winner for Steph...",1,http://www.nba.com/video/games/warriors/2014/01/11/0021300541-bos-gsw-play5.nba,/r/stephencurry/comments/1uy3iq/just_another_gamewinner_for_steph/,r_stephencurry
1v66bf,"First Post = Highlights",5,http://www.youtube.com/watch?v=Hk-iMq7eNdg,/r/giannisantetokounmpo/comments/1v66bf/first_post_highlights/,r_giannis_an34
1vrg4e,"Giannis's best game so far",6,http://www.youtube.com/watch?v=uIJtSZgPLes,/r/giannisantetokounmpo/comments/1vrg4e/gianniss_best_game_so_far/,r_giannis_an34
1vsc60,"Breaking a screen to the block on Durant, all in one fluid motion",8,http://img.gawkerassets.com/img/19cfrpu9emwc1gif/ku-xlarge.gif,/r/giannisantetokounmpo/comments/1vsc60/breaking_a_screen_to_the_block_on_durant_all_in/,r_giannis_an34
1vuisz,"Keep it movin Giannis",4,http://www.youtube.com/watch?v=Xb3KLrl_VOI,/r/giannisantetokounmpo/comments/1vuisz/keep_it_movin_giannis/,r_giannis_an34
1vus10,"Who Is The Greek Freak? Your Guide To The NBA's Coolest Rookie.",2,http://deadspin.com/who-is-the-greek-freak-your-guide-to-the-nbas-coolest-1500248666,/r/giannisantetokounmpo/comments/1vus10/who_is_the_greek_freak_your_guide_to_the_nbas/,r_giannis_an34
1vx0gr,"His hands are absurdly large",3,http://bleacherreport.com/articles/1930449-bucks-rookie-giannis-antetokounmpo-has-massive-hands,/r/giannisantetokounmpo/comments/1vx0gr/his_hands_are_absurdly_large/,r_giannis_an34
1wcspk,"Is Kevin Durant the best player in the league? Or what?",1,https://www.reddit.com/r/KevinDurant/comments/1wcspk/is_kevin_durant_the_best_player_in_the_league_or/,/r/KevinDurant/comments/1wcspk/is_kevin_durant_the_best_player_in_the_league_or/,r_kd35warriors
1wm89u,"Giannis put at pick #2 in the mid-season re-draft",5,http://bleacherreport.com/articles/1937572-re-drafting-the-first-round-of-the-2013-nba-draft-midseason-edition/page/3,/r/giannisantetokounmpo/comments/1wm89u/giannis_put_at_pick_2_in_the_midseason_redraft/,r_giannis_an34
1x1iws,"Reminiscent of Dr. J?",13,http://cdn2.sbnation.com/assets/3954273/giannis_medium.gif,/r/giannisantetokounmpo/comments/1x1iws/reminiscent_of_dr_j/,r_giannis_an34
1x50ca,"The (Unlimited?) Potential of Giannis Antetokounmpo!",3,https://www.reddit.com/r/giannisantetokounmpo/comments/1x50ca/the_unlimited_potential_of_giannis_antetokounmpo/,/r/giannisantetokounmpo/comments/1x50ca/the_unlimited_potential_of_giannis_antetokounmpo/,r_giannis_an34
1xhcap,"A Day In The Life Of Giannis Antetokounmpo",5,http://www.youtube.com/watch?v=tmOhk8Fv5ZE,/r/giannisantetokounmpo/comments/1xhcap/a_day_in_the_life_of_giannis_antetokounmpo/,r_giannis_an34
1yb7td,"Solid all-around game for Giannis against Orlando - 8 points (2/3 and 1/1 from 3), 8 rebounds, 4 assists, 2 steals, 1 block, 0 turnovers, +16 plus/minus (highest on his team) all in 26 minutes.",3,https://www.reddit.com/r/giannisantetokounmpo/comments/1yb7td/solid_allaround_game_for_giannis_against_orlando/,/r/giannisantetokounmpo/comments/1yb7td/solid_allaround_game_for_giannis_against_orlando/,r_giannis_an34
1yh9h0,"Kevin Durant vs. LeBron James #TBT",2,https://www.youtube.com/watch?v=5e_o6FPHWdA,/r/KevinDurant/comments/1yh9h0/kevin_durant_vs_lebron_james_tbt/,r_kd35warriors
1zep2n,"Giannis scores a Goal from midfield",7,https://www.youtube.com/watch?v=H8rs0-kSMhg#t=20,/r/giannisantetokounmpo/comments/1zep2n/giannis_scores_a_goal_from_midfield/,r_giannis_an34
1zozs8,"Giannis Runs" to game"""",3,http://bleacherreport.com/articles/1982478-bucks-giannis-antetokounmpo-nearly-runs-all-the-way-to-the-arena-for-game?utm_source=facebook.com&utm_medium=referral&utm_campaign=programming-national,/r/giannisantetokounmpo/comments/1zozs8/giannis_runs_to_game/,r_giannis_an34
206ppn,"Dat Pass Doe",9,http://media.giphy.com/media/4LZMbupbhfcvKXBCZjS8/giphy.gif,/r/giannisantetokounmpo/comments/206ppn/dat_pass_doe/,r_giannis_an34
21zmgr,"Steph Curry hits game-winning stepback jumper to beat Mavs, continues to be best shooter ever.",1,https://www.youtube.com/watch?v=5Eavo37Av8c,/r/stephencurry/comments/21zmgr/steph_curry_hits_gamewinning_stepback_jumper_to/,r_stephencurry
225z3i,"Giannis Antetokounmpo goes the length of the court in three dribbles (VIDEO)",8,http://www.bucksketball.com/2014/04/giannis-antetokounmpo-goes-the-length-of-the-court-in-three-dribbles-video/,/r/giannisantetokounmpo/comments/225z3i/giannis_antetokounmpo_goes_the_length_of_the/,r_giannis_an34
238v9t,"Looking forward to next year with Giannis (Highlights from this year)",4,https://www.youtube.com/watch?v=dFGvet8ILwU,/r/giannisantetokounmpo/comments/238v9t/looking_forward_to_next_year_with_giannis/,r_giannis_an34
24yxu2,"Kevin Durant Wows in MVP Speech",2,http://faceforadio.com/2014/05/07/kevin-durant-wins-mvp/,/r/KevinDurant/comments/24yxu2/kevin_durant_wows_in_mvp_speech/,r_kd35warriors
25872u,"Giannis' First Commercial",6,https://www.youtube.com/watch?v=mPqPc3jqVE0,/r/giannisantetokounmpo/comments/25872u/giannis_first_commercial/,r_giannis_an34
25kgco,"Kevin Durant. Behind you!",2,http://imgur.com/8rvzHhY,/r/KevinDurant/comments/25kgco/kevin_durant_behind_you/,r_kd35warriors
26e982,"Giannis and Coach Nick Van Exel have some beef on twitter...",8,https://twitter.com/g_ante34/status/470282022091776001,/r/giannisantetokounmpo/comments/26e982/giannis_and_coach_nick_van_exel_have_some_beef_on/,r_giannis_an34
272k5k,"Lance Stephenson Blows On Kevin Durant And Causes a Turnover",1,http://sportsgif.com/lance-stephenson-blowing-on-kevin-durant-gif/,/r/KevinDurant/comments/272k5k/lance_stephenson_blows_on_kevin_durant_and_causes/,r_kd35warriors
274ts9,"OKC Kevin Durant 2013 Highlights Mix (HD)",1,https://www.youtube.com/watch?v=7746IjdizPE,/r/KevinDurant/comments/274ts9/okc_kevin_durant_2013_highlights_mix_hd/,r_kd35warriors
2aha0l,"Solid outing for Giannis at his first summer league game - 17 points, 6 rebounds, 2 assists, and 1 block",3,http://www.nba.com/games/20140711/CLEMIL/gameinfo.html?hpt=buzz&ls=iref:nba:homepage:gametracker:tacobell:livestate,/r/giannisantetokounmpo/comments/2aha0l/solid_outing_for_giannis_at_his_first_summer/,r_giannis_an34
2ahszr,"Giannis strides for fastbreak slam (2014 Summer League)",5,https://vine.co/v/Mxbq0eUeOwn,/r/giannisantetokounmpo/comments/2ahszr/giannis_strides_for_fastbreak_slam_2014_summer/,r_giannis_an34
2aj2ql,"Giannis Antetokounmpo 17 points 6 rebounds vs Cavs 7/11/2014 Summer league",3,https://www.youtube.com/watch?v=0dzwivCEFE4#t=126,/r/giannisantetokounmpo/comments/2aj2ql/giannis_antetokounmpo_17_points_6_rebounds_vs/,r_giannis_an34
2ape39,"Uneven nights for Jabari, Giannis",3,http://www.brewhoop.com/2014/7/14/5898047/bucks-suns-summer-league-jabari-parker-giannis-antetokounmpo-analysis,/r/giannisantetokounmpo/comments/2ape39/uneven_nights_for_jabari_giannis/,r_giannis_an34
2arhgh,"15 points 5 assists 3 steals vs Jazz 14.07.2014",5,https://www.youtube.com/watch?v=jnJoZyFK9bI,/r/giannisantetokounmpo/comments/2arhgh/15_points_5_assists_3_steals_vs_jazz_14072014/,r_giannis_an34
2atihe,"Point guard Giannis Antetokounmpo? ¬´ NBA.com",3,http://hangtime.blogs.nba.com/2014/07/15/point-guard-giannis-antetokounmpo/?cid=nbacomsocial_20140716_27906356,/r/giannisantetokounmpo/comments/2atihe/point_guard_giannis_antetokounmpo_nbacom/,r_giannis_an34
2axuuk,"Giannis keeps being Giannis",2,http://www.brewhoop.com/2014/7/16/5911081/spurs-bucks-vegas-recap-giannis-jabari,/r/giannisantetokounmpo/comments/2axuuk/giannis_keeps_being_giannis/,r_giannis_an34
2ay57i,"Highlights vs Spurs - 20 Pts, 7 Rebs, 2 Blks.",5,http://www.youtube.com/watch?v=uEMw-fMWKJI,/r/giannisantetokounmpo/comments/2ay57i/highlights_vs_spurs_20_pts_7_rebs_2_blks/,r_giannis_an34
2azz67,"Giannis dinner talk",2,http://www.nba.com/bucks/giannis-truehooptv,/r/giannisantetokounmpo/comments/2azz67/giannis_dinner_talk/,r_giannis_an34
2b65wn,"Will Giannis Antetokounmpo break the game of basketball?!",5,http://behindthebuckpass.com/2014/07/19/enigma-glory-giannis-antetokounmpo/?utm_source=FanSided&utm_medium=Network&utm_campaign=Around%20the%20Network,/r/giannisantetokounmpo/comments/2b65wn/will_giannis_antetokounmpo_break_the_game_of/,r_giannis_an34
2cx1gm,"NBA 2K15 ‚Äì First Look At Kevin Durant",1,http://www.youtube.com/attribution_link?a=RsfiCeQ9Srk&u=%2Fwatch%3Fv%3Dg-uuvSQqVq8%26feature%3Dshare,/r/KevinDurant/comments/2cx1gm/nba_2k15_first_look_at_kevin_durant/,r_kd35warriors
2dpouz,"Team USA still working on identity without Kevin Durant",0,http://www.usatoday.com/story/sports/nba/2014/08/15/team-usa-will-have-different-look-without-durant/14136401/,/r/KevinDurant/comments/2dpouz/team_usa_still_working_on_identity_without_kevin/,r_kd35warriors
2e708k,"Giannis Antetokounmpo gets the steal, goes 70 feet on two dribbles, and throws it down against Turkey. (Xpost from r/nba)",5,https://www.youtube.com/watch?v=t4oR31Hzh88,/r/giannisantetokounmpo/comments/2e708k/giannis_antetokounmpo_gets_the_steal_goes_70_feet/,r_giannis_an34
2edzil,"Why Nike Should Let Kevin Durant Leave For Under Armour",1,http://www.forbes.com/sites/kurtbadenhausen/2014/08/22/why-nike-should-let-kevin-durant-leave-for-under-armour/,/r/KevinDurant/comments/2edzil/why_nike_should_let_kevin_durant_leave_for_under/,r_kd35warriors
2el24z,"Is Kevin Durant's shoe deal offer a game changer?",1,http://www.usatoday.com/story/sports/nba/thunder/2014/08/24/kevin-durant-under-armour-nike-shoe-deals/14532545/,/r/KevinDurant/comments/2el24z/is_kevin_durants_shoe_deal_offer_a_game_changer/,r_kd35warriors
2f116r,"Dunk from Greece-Senegal",5,https://vine.co/v/OBOrX2Oa5jV,/r/giannisantetokounmpo/comments/2f116r/dunk_from_greecesenegal/,r_giannis_an34
2fi1dr,"Knicks hire assistant coach whom Kevin Durant adores",1,http://probasketballtalk.nbcsports.com/2014/09/04/knicks-hire-assistant-coach-whom-kevin-durant-adores/,/r/KevinDurant/comments/2fi1dr/knicks_hire_assistant_coach_whom_kevin_durant/,r_kd35warriors
2gwfh9,"OKC Thunder: Kevin Durant pays homage to Allen Iverson on Instagram",1,http://newsok.com/okc-thunder-kevin-durant-pays-homage-to-allen-iverson-on-instagram/article/5342209,/r/KevinDurant/comments/2gwfh9/okc_thunder_kevin_durant_pays_homage_to_allen/,r_kd35warriors
2i9ml0,"Post work with Giannis",2,https://vine.co/v/Om0EDXM0ImW,/r/giannisantetokounmpo/comments/2i9ml0/post_work_with_giannis/,r_giannis_an34
2it66a,"Giannis ranked at 88 on the ESPN 500",8,https://www.reddit.com/r/giannisantetokounmpo/comments/2it66a/giannis_ranked_at_88_on_the_espn_500/,/r/giannisantetokounmpo/comments/2it66a/giannis_ranked_at_88_on_the_espn_500/,r_giannis_an34
2lch2x,"The Offseason: Kevin Durant",1,http://sports.yahoo.com/blogs/ball-dont-lie/kevin-durant-s-2014-offseason-is-about-to-become-an-hbo-reality-show-191919885.html,/r/KevinDurant/comments/2lch2x/the_offseason_kevin_durant/,r_kd35warriors
2lhjh0,"Giannis Antetokounmpo Full Highlights 2014.01.11 at Thunder - 13 Pts, 11 Rebs, 5 Assists, 2 Blocks. Leading the team in scoring!",6,https://www.youtube.com/watch?v=j_BOkyq_H3E,/r/giannisantetokounmpo/comments/2lhjh0/giannis_antetokounmpo_full_highlights_20140111_at/,r_giannis_an34
2mjo4i,"Giannis Antetokounmpo Full Highlights 2014.11.08 vs Grizzlies - 18 Pts.",3,https://www.youtube.com/watch?v=c636xrI-dHU,/r/giannisantetokounmpo/comments/2mjo4i/giannis_antetokounmpo_full_highlights_20141108_vs/,r_giannis_an34
2n3dr9,"Giannis Antetokounmpo Full Highlights 2014.11.19 at Nets - 18 Pts, 12 Rebs, 4 Assists, 3 Stls. Great defense on Joe Johnson.",6,https://www.youtube.com/watch?v=MXc2byQJW-k,/r/giannisantetokounmpo/comments/2n3dr9/giannis_antetokounmpo_full_highlights_20141119_at/,r_giannis_an34
2o2v4q,"Welcome To Giannis Antetokounmpo's Channel!",4,https://www.youtube.com/watch?v=qMyyn0xuxDY&list=UUrMiMJMUSjELs0jb1vtTiAg,/r/giannisantetokounmpo/comments/2o2v4q/welcome_to_giannis_antetokounmpos_channel/,r_giannis_an34
2pruko,"Giannis Antetokounmpo Doesn't Let the Kings Roll the Inbound Pass",8,https://www.youtube.com/watch?v=ZZjWDPZd4Bo,/r/giannisantetokounmpo/comments/2pruko/giannis_antetokounmpo_doesnt_let_the_kings_roll/,r_giannis_an34
2pu8y7,"Kevin Durant shows greatness against the Warriors again",1,http://bookthewin.com/basketball/kevin-durant-shows-greatness-warriors/,/r/KevinDurant/comments/2pu8y7/kevin_durant_shows_greatness_against_the_warriors/,r_kd35warriors
2vdo8s,"Giannis wins NBA player of the week!",13,https://www.reddit.com/r/giannisantetokounmpo/comments/2vdo8s/giannis_wins_nba_player_of_the_week/,/r/giannisantetokounmpo/comments/2vdo8s/giannis_wins_nba_player_of_the_week/,r_giannis_an34
2vmsaw,"Kings' Reggie Evans Is Surprised Giannis Is Only 20 Years Old",9,http://bleacherreport.com/articles/2362344-kings-reggie-evans-is-surprised-giannis-antetokounmpo-is-only-20-years-old,/r/giannisantetokounmpo/comments/2vmsaw/kings_reggie_evans_is_surprised_giannis_is_only/,r_giannis_an34
31th7p,"Cartoon Video: Why Stephen Curry Is The Real MVP, not James Harden",2,http://youtu.be/X3-XNA5G308,/r/stephencurry/comments/31th7p/cartoon_video_why_stephen_curry_is_the_real_mvp/,r_stephencurry
33ohk6,"Steph Curry hits the most unbelievable Steph Curry-esque shot ever to send Game 3 into overtime.",1,http://streamable.com/0kao?t=2.8,/r/stephencurry/comments/33ohk6/steph_curry_hits_the_most_unbelievable_steph/,r_stephencurry
34rpkn,"Stephen Curry to be named NBA MVP",1,http://www.csnbayarea.com/warriors/sources-warriors-curry-be-named-nba-mvp,/r/stephencurry/comments/34rpkn/stephen_curry_to_be_named_nba_mvp/,r_stephencurry
35txpw,"Giannis goes back to his neighbourhood for a pickup 5 on 5",6,https://www.youtube.com/watch?v=d-_jpO5RFBA,/r/giannisantetokounmpo/comments/35txpw/giannis_goes_back_to_his_neighbourhood_for_a/,r_giannis_an34
3azmx1,"Stephen Curry's Daughter DOMINATES Postgame Press Conference",6,http://www.youtube.com/watch?v=0T7du27rSDI,/r/stephencurry/comments/3azmx1/stephen_currys_daughter_dominates_postgame_press/,r_stephencurry
3dnkmt,"With the Milwaukee Bucks forever",6,http://www.eurohoops.net/2015/07/featured/110894,/r/giannisantetokounmpo/comments/3dnkmt/with_the_milwaukee_bucks_forever/,r_giannis_an34
3gnysu,"CURRY ON THE MOVE",4,http://lockheart12345.sharethisstory.net/ph-661436-2562,/r/stephencurry/comments/3gnysu/curry_on_the_move/,r_stephencurry
3o5ozo,"23 Motivating Stephen Curry Quotes On Success, Basketball & Faith",4,http://everydaypowerblog.com/2015/10/09/23-motivating-stephen-curry-quotes-on-success-basketball-faith/,/r/stephencurry/comments/3o5ozo/23_motivating_stephen_curry_quotes_on_success/,r_stephencurry
3p12hw,"Giannis ranked 40th best player in the NBA by ESPN",10,http://espn.go.com/nba/story/_/id/13893051/nbarank-36-40,/r/giannisantetokounmpo/comments/3p12hw/giannis_ranked_40th_best_player_in_the_nba_by_espn/,r_giannis_an34
3vahes,"You're looking for the real Steph Curry sub.",15,http://nba.reddit.com,/r/stephencurry/comments/3vahes/youre_looking_for_the_real_steph_curry_sub/,r_stephencurry
3zbwlb,"Stephen Curry Statistics Infographic - Check it Out!",2,http://inspirationalbasketball.com/stephen-curry-infographic-2/,/r/stephencurry/comments/3zbwlb/stephen_curry_statistics_infographic_check_it_out/,r_stephencurry
3zoutw,"Stephen Curry made 77 3s in a row. How did he do it?",1,http://inspirationalbasketball.com/stephen-curry-77-3-pointers/,/r/stephencurry/comments/3zoutw/stephen_curry_made_77_3s_in_a_row_how_did_he_do_it/,r_stephencurry
43bbnq,"8 Impressive Records Stephen Curry Has Already Broken and He Only 27.",0,http://thebasketballcentral.com/8-impressive-records-steph-curry-has-already-broken/,/r/stephencurry/comments/43bbnq/8_impressive_records_stephen_curry_has_already/,r_stephencurry
45hash,"Is there anything here?",3,https://www.reddit.com/r/JamesHarden/comments/45hash/is_there_anything_here/,/r/JamesHarden/comments/45hash/is_there_anything_here/,r_jharden13
45hskq,"james harden blows",27,https://www.reddit.com/r/JamesHarden/comments/45hskq/james_harden_blows/,/r/JamesHarden/comments/45hskq/james_harden_blows/,r_jharden13
46a229,"As a huge fan of NBA player Stephen Curry and as a Rails developer, I want to make a t-shirt that combines both worlds.",1,http://idealy.io/rails-30.html,/r/stephencurry/comments/46a229/as_a_huge_fan_of_nba_player_stephen_curry_and_as/,r_stephencurry
4eqjme,"WATCH: Stephen Curry makes history with 400 3-pointers in a single season",2,http://blogs.denverpost.com/nuggets/2016/04/14/watch-stephen-curry-makes-history-400-3-pointers-single-season/14226/?source=rss&utm_source=feedburner&utm_medium=feed&utm_campaign=Feed%3A+dp-sports+%28Denver+Post%3A+Sports%29,/r/stephencurry/comments/4eqjme/watch_stephen_curry_makes_history_with_400/,r_stephencurry
4fqwar,"Curry 'Based on how I feel right now, I probably couldn't play'",2,https://www.youtube.com/watch?v=Kh4GmUK5Oyo,/r/stephencurry/comments/4fqwar/curry_based_on_how_i_feel_right_now_i_probably/,r_stephencurry
4gfs37,"Right knee problems",1,https://www.reddit.com/r/stephencurry/comments/4gfs37/right_knee_problems/,/r/stephencurry/comments/4gfs37/right_knee_problems/,r_stephencurry
4irvfx,"My stupid bet and it's likely hood",0,https://www.reddit.com/r/stephencurry/comments/4irvfx/my_stupid_bet_and_its_likely_hood/,/r/stephencurry/comments/4irvfx/my_stupid_bet_and_its_likely_hood/,r_stephencurry
4iuao4,"Steph Curry 2016 Mixtape - Back To Back MVP""""",2,https://www.youtube.com/watch?v=SXgjIsAiq2g,/r/stephencurry/comments/4iuao4/steph_curry_2016_mixtape_back_to_back_mvp/,r_stephencurry
4mzaup,"Stephen Curry, NBA MVP + Ayesha Curry | Wedding Video | Charlotte, NC",3,https://www.youtube.com/watch?v=E6ezXwe223E,/r/stephencurry/comments/4mzaup/stephen_curry_nba_mvp_ayesha_curry_wedding_video/,r_stephencurry
4o8s09,"The Beard has some humble business interests.",3,http://m.imgur.com/Hc0KzfR,/r/JamesHarden/comments/4o8s09/the_beard_has_some_humble_business_interests/,r_jharden13
4onwfl,"Kerr, Curry each fined $25,000 for Game 6 incidents",1,https://flipboard.com/@news/the-daily-edition-3adc9613z/kerr%2C-curry-each-fined-%2425%2C000-for-game-6-incidents/a-4H1w70GzS--YwRb5GkXKMQ%3Aa%3A43591897-37481fc059%2Fap.org,/r/stephencurry/comments/4onwfl/kerr_curry_each_fined_25000_for_game_6_incidents/,r_stephencurry
4ow5k0,"Breaking with Stephen Curry",1,https://www.youtube.com/attribution_link?a=2e8g47EA75s&u=%2Fwatch%3Fv%3D78x7_O3unHM%26feature%3Dshare,/r/stephencurry/comments/4ow5k0/breaking_with_stephen_curry/,r_stephencurry
4pdudh,"Stephen Curry Can Dance",2,https://www.youtube.com/attribution_link?a=xNio9xPKDYU&u=%2Fwatch%3Fv%3D78x7_O3unHM%26feature%3Dshare,/r/stephencurry/comments/4pdudh/stephen_curry_can_dance/,r_stephencurry
4rgahl,"Remembering Kevin Durant's top moments with the Oklahoma City Thunder",1,http://www.thesportsblaze.com/remembering-kevin-durants-top-moments-with-the-oklahoma-city-thunder/12224,/r/KevinDurant/comments/4rgahl/remembering_kevin_durants_top_moments_with_the/,r_kd35warriors
4sdf5r,"Stephen Curry Be Like... This shit is too accurate",1,https://www.youtube.com/attribution_link?a=nol9SdrrHLk&u=%2Fwatch%3Fv%3DAyGP1Y1rQ4U%26feature%3Dshare,/r/stephencurry/comments/4sdf5r/stephen_curry_be_like_this_shit_is_too_accurate/,r_stephencurry
4stave,"The next Stephen Curry (similar basketball style)",1,https://www.youtube.com/watch?v=469aOtTSs6Y,/r/stephencurry/comments/4stave/the_next_stephen_curry_similar_basketball_style/,r_stephencurry
4w1ytq,"New Mod Here: Looking for more people to grow this site!",1,https://www.reddit.com/r/KevinDurant/comments/4w1ytq/new_mod_here_looking_for_more_people_to_grow_this/,/r/KevinDurant/comments/4w1ytq/new_mod_here_looking_for_more_people_to_grow_this/,r_kd35warriors
53iw6f,"Giannis signed the four year extension for $100m!",7,https://www.reddit.com/r/giannisantetokounmpo/comments/53iw6f/giannis_signed_the_four_year_extension_for_100m/,/r/giannisantetokounmpo/comments/53iw6f/giannis_signed_the_four_year_extension_for_100m/,r_giannis_an34
5865rk,"Voted best international player in survey of GMs!",4,https://www.reddit.com/r/giannisantetokounmpo/comments/5865rk/voted_best_international_player_in_survey_of_gms/,/r/giannisantetokounmpo/comments/5865rk/voted_best_international_player_in_survey_of_gms/,r_giannis_an34
5akeje,"Kevin Durant Commercials Compilation All Ads",1,https://www.youtube.com/watch?v=961jmiuMrwo,/r/KevinDurant/comments/5akeje/kevin_durant_commercials_compilation_all_ads/,r_kd35warriors
5e8isl,"Triple Double #1 of the season!",7,https://www.reddit.com/r/giannisantetokounmpo/comments/5e8isl/triple_double_1_of_the_season/,/r/giannisantetokounmpo/comments/5e8isl/triple_double_1_of_the_season/,r_giannis_an34
5eobtg,"Stephen Curry Funny Moments - LOL",1,https://www.youtube.com/watch?v=VGhpZ7LXx9U,/r/stephencurry/comments/5eobtg/stephen_curry_funny_moments_lol/,r_stephencurry
5f6k25,"Top 5 Point Guards, Guess who's number 1?",1,https://www.youtube.com/watch?v=quTmX_W8UCw,/r/stephencurry/comments/5f6k25/top_5_point_guards_guess_whos_number_1/,r_stephencurry
5fiahk,"Stephen Curry Biography and Life Style",1,https://www.youtube.com/attribution_link?a=OG2AhqBLTbU&u=%2Fwatch%3Fv%3D2OzSyodfOKo%26feature%3Dshare,/r/stephencurry/comments/5fiahk/stephen_curry_biography_and_life_style/,r_stephencurry
5fk519,"Stephen Curry's Biography and Lifestyle | Stephen Curry | Best Shooter i...",1,https://www.youtube.com/attribution_link?a=kLMQ4PR5-bE&u=%2Fwatch%3Fv%3D2OzSyodfOKo%26feature%3Dshare,/r/stephencurry/comments/5fk519/stephen_currys_biography_and_lifestyle_stephen/,r_stephencurry
5habuj,"Triple Double #2 of the season!",3,https://www.reddit.com/r/giannisantetokounmpo/comments/5habuj/triple_double_2_of_the_season/,/r/giannisantetokounmpo/comments/5habuj/triple_double_2_of_the_season/,r_giannis_an34
5iuqgy,"Stephen curry my ass",2,https://www.reddit.com/r/stephencurry/comments/5iuqgy/stephen_curry_my_ass/,/r/stephencurry/comments/5iuqgy/stephen_curry_my_ass/,r_stephencurry
5mvwlz,"GSW's SC in 2nite's FG S15E10",1,http://i.imgur.com/fdP6dh7.jpg,/r/stephencurry/comments/5mvwlz/gsws_sc_in_2nites_fg_s15e10/,r_stephencurry
5swvj7,"9yo huge Stephen Curry fan!",2,https://youtu.be/wUVoqDieAZc,/r/stephencurry/comments/5swvj7/9yo_huge_stephen_curry_fan/,r_stephencurry
5t5je3,"KD in OKC",1,https://www.facebook.com/kidravi/videos/1356730934401589/,/r/KevinDurant/comments/5t5je3/kd_in_okc/,r_kd35warriors
5tcc9d,"Giannis Antetokounmpo Career High 41 Points | 02.10.17",5,https://www.youtube.com/watch?v=BVBjlKpua0Q,/r/giannisantetokounmpo/comments/5tcc9d/giannis_antetokounmpo_career_high_41_points_021017/,r_giannis_an34
5ukg6m,"Kevin Durant support",1,https://i.reddituploads.com/6a48b2a60b844668b317a915c07a319d?fit=max&h=1536&w=1536&s=89ae5d50c3ff0777d1420a36b69d0bd9,/r/KevinDurant/comments/5ukg6m/kevin_durant_support/,r_kd35warriors
5y5bp5,"BREAKING: Kevin Durant back on court with Spurs!!!",0,https://www.reddit.com/r/KevinDurant/comments/5y5bp5/breaking_kevin_durant_back_on_court_with_spurs/,/r/KevinDurant/comments/5y5bp5/breaking_kevin_durant_back_on_court_with_spurs/,r_kd35warriors
65jkl9,"The Story of the Most Savage Team in the History of the NBA.",0,https://www.reddit.com/r/KevinDurant/comments/65jkl9/the_story_of_the_most_savage_team_in_the_history/,/r/KevinDurant/comments/65jkl9/the_story_of_the_most_savage_team_in_the_history/,r_kd35warriors
6ev0i6,"Michael Jordan vs Stephen Curry",3,https://www.youtube.com/watch?v=50x9iZntB44,/r/stephencurry/comments/6ev0i6/michael_jordan_vs_stephen_curry/,r_stephencurry
6j17g8,"My friend",2,https://www.reddit.com/r/stephencurry/comments/6j17g8/my_friend/,/r/stephencurry/comments/6j17g8/my_friend/,r_stephencurry
6jnrhh,"Giannis makes All-NBA 2nd Team and All-Defensive 2nd Team!",4,https://www.reddit.com/r/giannisantetokounmpo/comments/6jnrhh/giannis_makes_allnba_2nd_team_and_alldefensive/,/r/giannisantetokounmpo/comments/6jnrhh/giannis_makes_allnba_2nd_team_and_alldefensive/,r_giannis_an34
6jpw3w,"M-I-P! M-I-P!",6,https://www.reddit.com/r/giannisantetokounmpo/comments/6jpw3w/mip_mip/,/r/giannisantetokounmpo/comments/6jpw3w/mip_mip/,r_giannis_an34
6km50n,"Stephen Curry will now earn the richest annual salary in American sports",3,https://sports.yahoo.com/stephen-curry-will-now-earn-richest-annual-salary-american-sports-053614526.html,/r/stephencurry/comments/6km50n/stephen_curry_will_now_earn_the_richest_annual/,r_stephencurry
6maepg,"The real MVP!",1,https://www.reddit.com/r/JamesHarden/comments/6maepg/the_real_mvp/,/r/JamesHarden/comments/6maepg/the_real_mvp/,r_jharden13
6mnytz,"Stephen Curry eating curry (pshop)",3,http://i.imgur.com/AATWeKI.png,/r/stephencurry/comments/6mnytz/stephen_curry_eating_curry_pshop/,r_stephencurry
6p98yq,"Kevin Durant Finals MVP Mix Believer" ·¥¥·¥∞"""",1,https://www.youtube.com/watch?v=JkTLAybWvEU,/r/KevinDurant/comments/6p98yq/kevin_durant_finals_mvp_mix_believer_·¥¥·¥∞/,r_kd35warriors
6pmvff,"Greek Freak: ‚ÄúI am not the star of Greece. We are all one unit‚Äù",2,http://en.protothema.gr/greek-freak-i-am-not-the-star-of-the-team-we-are-all-one-unit/,/r/giannisantetokounmpo/comments/6pmvff/greek_freak_i_am_not_the_star_of_greece_we_are/,r_giannis_an34
6rh9m1,"giannis antetokounmpo mix (Official)",3,https://www.youtube.com/attribution_link?a=SYbznLlPCrI&u=%2Fwatch%3Fv%3De97zbhmCk-0%26feature%3Dshare,/r/giannisantetokounmpo/comments/6rh9m1/giannis_antetokounmpo_mix_official/,r_giannis_an34
6rsa3d,"STEPHEN CURRY X French Montana - A Lie ft. The Weeknd, Max B",3,https://www.youtube.com/watch?v=AzyjfKTURsM,/r/stephencurry/comments/6rsa3d/stephen_curry_x_french_montana_a_lie_ft_the/,r_stephencurry
6rxrh4,"James Harden and Chris paul teammates video",1,https://www.youtube.com/watch?v=vqzexgzrKO0,/r/JamesHarden/comments/6rxrh4/james_harden_and_chris_paul_teammates_video/,r_jharden13
6s3pgb,"stephen Curry Transformation From 3 To 29 Years old",2,https://www.youtube.com/attribution_link?a=KUY_B82Ei6k&u=%2Fwatch%3Fv%3Dzumyylvu7Ow%26feature%3Dshare,/r/stephencurry/comments/6s3pgb/stephen_curry_transformation_from_3_to_29_years/,r_stephencurry
6sche0,"WHen to go to Steph Curry Select Basketball Showcase ??",2,https://www.reddit.com/r/stephencurry/comments/6sche0/when_to_go_to_steph_curry_select_basketball/,/r/stephencurry/comments/6sche0/when_to_go_to_steph_curry_select_basketball/,r_stephencurry
6sj7ag,"Stephen Curry goes 23 for 25 in Three Point Contest at Halftime of SC30 Select Showcase",3,https://www.youtube.com/watch?v=cYfPKBUCsWw,/r/stephencurry/comments/6sj7ag/stephen_curry_goes_23_for_25_in_three_point/,r_stephencurry
6t6hqw,"James Harden || Mixtape || 2017",2,https://www.youtube.com/watch?v=AYMXj_FN68E,/r/JamesHarden/comments/6t6hqw/james_harden_mixtape_2017/,r_jharden13
6tvz4v,"Stephen Curry Mix - God Church" Ricegum"""",3,https://youtu.be/Dko5geM3f-k,/r/stephencurry/comments/6tvz4v/stephen_curry_mix_god_church_ricegum/,r_stephencurry
6u02le,"Thirty" - A Stephen Curry Edit ·¥¥·¥∞"""",2,https://www.youtube.com/watch?v=xfMNeKoDWbY,/r/stephencurry/comments/6u02le/thirty_a_stephen_curry_edit_·¥¥·¥∞/,r_stephencurry
6upthp,"Giannis Antetokounmpo Mix -Moves" HD"""",2,https://youtu.be/svtm-CPjbKI,/r/giannisantetokounmpo/comments/6upthp/giannis_antetokounmpo_mix_moves_hd/,r_giannis_an34
6uqabz,"Steph being a typical rich guy",1,https://youtu.be/LzOBQCnhDMg,/r/stephencurry/comments/6uqabz/steph_being_a_typical_rich_guy/,r_stephencurry
6urrya,"More reasons why the warriors are the best!",2,https://youtu.be/Cd53zExfESQ,/r/stephencurry/comments/6urrya/more_reasons_why_the_warriors_are_the_best/,r_stephencurry
6uts49,"Paul George can't match up with Durant!",1,https://youtu.be/pUu3jovoWUA,/r/KevinDurant/comments/6uts49/paul_george_cant_match_up_with_durant/,r_kd35warriors
6ux8tn,"People stay hating on steph!",2,https://youtu.be/dmlw2Z_ZiWE,/r/stephencurry/comments/6ux8tn/people_stay_hating_on_steph/,r_stephencurry
6v0q5u,"Golden State Warriors VS Cleveland Cavaliers X Drake - Find Your Love",2,https://www.youtube.com/watch?v=4uOB9V1SG-I,/r/stephencurry/comments/6v0q5u/golden_state_warriors_vs_cleveland_cavaliers_x/,r_stephencurry
6vfr5t,"Stephen Curry - Trap Queen" Mix"""",2,https://www.reddit.com/r/stephencurry/comments/6vfr5t/stephen_curry_trap_queen_mix/,/r/stephencurry/comments/6vfr5t/stephen_curry_trap_queen_mix/,r_stephencurry
6wkck8,"Kevin Durant Charity Foundation Builds Basketball Courts",1,http://www.borgenmagazine.com/kevin-durant-charity-foundation/,/r/KevinDurant/comments/6wkck8/kevin_durant_charity_foundation_builds_basketball/,r_kd35warriors
6x0qqb,"Kevin Durant net worth, salary, career earnings and endorsements",1,http://wiki.sportsnetworth.net/Kevin_Durant_net_worth_and_salary_-_basketball_player,/r/KevinDurant/comments/6x0qqb/kevin_durant_net_worth_salary_career_earnings_and/,r_kd35warriors
6x1sle,"James Harden net worth, salary, career earnings, and endorsements",1,http://wiki.sportsnetworth.net/James_Harden_net_worth_and_salary_-_basketball_player,/r/JamesHarden/comments/6x1sle/james_harden_net_worth_salary_career_earnings_and/,r_jharden13
6x3w75,"Steph Curry could win MVP next year!!!!!",2,https://youtu.be/sAQTD1Du8ic,/r/stephencurry/comments/6x3w75/steph_curry_could_win_mvp_next_year/,r_stephencurry
6xmfk4,"Top 10 nba Players in The East",2,https://youtu.be/sorxRcK7W0E,/r/stephencurry/comments/6xmfk4/top_10_nba_players_in_the_east/,r_stephencurry
727taa,"Stephen Curry | XXXTENTACION - Fuck Love",2,https://www.youtube.com/watch?v=CiT85l-_wMU,/r/stephencurry/comments/727taa/stephen_curry_xxxtentacion_fuck_love/,r_stephencurry
76tbv3,"KEVIN DURANT ROAST SESSION",1,https://www.youtube.com/attribution_link?a=J89AoFCnu6s&u=%2Fwatch%3Fv%3D7OsAG-UtYuQ%26feature%3Dshare,/r/KevinDurant/comments/76tbv3/kevin_durant_roast_session/,r_kd35warriors
78w2ra,"This is a must watch... better than first take",2,https://youtu.be/DUjC-tQYa8o,/r/giannisantetokounmpo/comments/78w2ra/this_is_a_must_watch_better_than_first_take/,r_giannis_an34
7cly72,"Who is Giannis Antetokounmpo??? Is he a freak from greece or is he just the next nba mvp......",8,https://www.youtube.com/attribution_link?a=Mi38hPFVAZI&u=%2Fwatch%3Fv%3DpLEttTW6y4U%26feature%3Dshare,/r/giannisantetokounmpo/comments/7cly72/who_is_giannis_antetokounmpo_is_he_a_freak_from/,r_giannis_an34
7gc3z7,"LeBron James just got ejected for the first time in his NBA career",2,https://www.yahoo.com/sports/lebron-james-just-got-ejected-first-time-nba-career-020920319.html,/r/LeBron_James/comments/7gc3z7/lebron_james_just_got_ejected_for_the_first_time/,r_kingjames
7gwrq1,"Stephen Curry's Incredible House",1,https://www.youtube.com/attribution_link?a=XRSnfU3wXb4&u=%2Fwatch%3Fv%3DHeFJ4y0Y38o%26feature%3Dshare,/r/stephencurry/comments/7gwrq1/stephen_currys_incredible_house/,r_stephencurry
7gyq11,"LeBron x Migos Get Right Witcha" NBA Mix"""",0,https://www.instagram.com/p/BcJQCDWn1T9/?hl=en&taken-by=mepsports00,/r/LeBron_James/comments/7gyq11/lebron_x_migos_get_right_witcha_nba_mix/,r_kingjames
7h8t26,"How to shoot like Stephen Curry!!",1,https://youtu.be/AVKWjvAR4Cw,/r/stephencurry/comments/7h8t26/how_to_shoot_like_stephen_curry/,r_stephencurry
7hoeyn,"Warriors star Steph Curry set for MRI on sprained ankle after leaving New Orleans on crutches",2,https://www.youtube.com/watch?v=7EC3u74W5J8&feature=youtu.be,/r/stephencurry/comments/7hoeyn/warriors_star_steph_curry_set_for_mri_on_sprained/,r_stephencurry
7iayc0,"People Who Made LeBron James",3,https://www.youtube.com/watch?v=gQQNdbdngV8,/r/LeBron_James/comments/7iayc0/people_who_made_lebron_james/,r_kingjames
7im0yz,"Dallas Mavericks vs Milwaukee Bucks Full Game Highlights",3,https://youtu.be/H4UcV0h9VhY,/r/giannisantetokounmpo/comments/7im0yz/dallas_mavericks_vs_milwaukee_bucks_full_game/,r_giannis_an34
7iujmy,"Kevin Durant motivation!",1,https://www.instagram.com/p/Bchk6lqgb7C/?taken-by=esp_basketball,/r/KevinDurant/comments/7iujmy/kevin_durant_motivation/,r_kd35warriors
7ivm4b,"LeBron James Dunk (EDIT)",5,https://youtu.be/R-LgLG4SxvM,/r/LeBron_James/comments/7ivm4b/lebron_james_dunk_edit/,r_kingjames
7jjz4n,"LeBron James: Keeping a billion-dollar body in shape",5,http://edition.cnn.com/2017/12/13/sport/lebron-james-physical-trainer-mike-mancias-cleveland-cavs/index.html,/r/LeBron_James/comments/7jjz4n/lebron_james_keeping_a_billiondollar_body_in_shape/,r_kingjames
7p32rk,"Stephen Curry top 10 crossovers on cavaliers",2,https://www.youtube.com/watch?v=-cZtha71OzE,/r/stephencurry/comments/7p32rk/stephen_curry_top_10_crossovers_on_cavaliers/,r_stephencurry
7pjob6,"Stephen Curry vs Kevin Durant",1,https://youtu.be/pziCcAMZH7M,/r/stephencurry/comments/7pjob6/stephen_curry_vs_kevin_durant/,r_stephencurry
7q2qvt,"Steph Curry Mix 2017-18 Mood""""",1,https://www.youtube.com/watch?v=CqL1EQZyoa0&list=LLMUF9DnfHvpBKsy9hm4pgYA&index=1&t=2s,/r/stephencurry/comments/7q2qvt/steph_curry_mix_201718_mood/,r_stephencurry
7qqslf,"Lebron James Tells Stephen Curry get the f*^% out of here/ January 15 2018/",2,https://www.youtube.com/attribution_link?a=gi5aShlKhbg&u=%2Fwatch%3Fv%3Dw6nCN97emiY%26feature%3Dshare,/r/LeBron_James/comments/7qqslf/lebron_james_tells_stephen_curry_get_the_f_out_of/,r_kingjames
7rohlh,"Lebron James NBA All-Star Captain - Mixtape",2,https://www.youtube.com/attribution_link?a=LP7t-AC0Vpw&u=%2Fwatch%3Fv%3DYPrS4aNlxUE%26feature%3Dshare,/r/LeBron_James/comments/7rohlh/lebron_james_nba_allstar_captain_mixtape/,r_kingjames
7su0t8,"Stephen Curry inspired T-shirt",1,https://facebook.com/commerce/products/1531514726964163,/r/stephencurry/comments/7su0t8/stephen_curry_inspired_tshirt/,r_stephencurry
7txwvp,"‚ÄúWe Don‚Äôt Want LeBron‚Äù says City that Never had any hopes of Getting LeBron",3,https://savage-america.com/2018/01/28/we-dont-want-lebron-says-city-that-never-had-any-hopes-of-getting-lebron/,/r/LeBron_James/comments/7txwvp/we_dont_want_lebron_says_city_that_never_had_any/,r_kingjames
7uceky,"RIP my old KD‚Äôs",2,https://i.redd.it/bdsgiq1mdgd01.jpg,/r/KevinDurant/comments/7uceky/rip_my_old_kds/,r_kd35warriors
7urx8y,"San Antonio Spurs Vs Houston Rockets 01/02/18 FullMatch",1,https://www.youtube.com/attribution_link?a=iO7tdYKcQb4&u=%2Fwatch%3Fv%3D_uHr6kzxklE%26feature%3Dshare,/r/JamesHarden/comments/7urx8y/san_antonio_spurs_vs_houston_rockets_010218/,r_jharden13
7v5x0n,"All these must go so we are giving them away. Just cover shipping üôåüèª",1,https://www.reddit.com/r/LeBron_James/comments/7v5x0n/all_these_must_go_so_we_are_giving_them_away_just/,/r/LeBron_James/comments/7v5x0n/all_these_must_go_so_we_are_giving_them_away_just/,r_kingjames
7vgsj2,"Curry 1 Illustration",2,https://i.redd.it/44l5tfyttfe01.jpg,/r/stephencurry/comments/7vgsj2/curry_1_illustration/,r_stephencurry
7w4xwx,"Anyone Seeing This As The End For Cleveland?",4,https://theathleteshub.org/2018/02/08/beginning-of-the-end-for-the-cavaliers-era/,/r/LeBron_James/comments/7w4xwx/anyone_seeing_this_as_the_end_for_cleveland/,r_kingjames
7w9lxf,"LEBRON IS A FREAK !! Cavalier vs Timberwolves",2,https://www.youtube.com/attribution_link?a=ix2ZHYJkU6c&u=%2Fwatch%3Fv%3DHRhDV-tRqc0%26feature%3Dshare,/r/LeBron_James/comments/7w9lxf/lebron_is_a_freak_cavalier_vs_timberwolves/,r_kingjames
7wm8nj,"James Harden Hype Mixtape 2018 ‚óè FireStarter ‚óè Dunks, Assists, layups, S...",1,https://www.youtube.com/attribution_link?a=hfb7xQA6ip4&u=%2Fwatch%3Fv%3DCc7f66Nt7-o%26feature%3Dshare,/r/JamesHarden/comments/7wm8nj/james_harden_hype_mixtape_2018_firestarter_dunks/,r_jharden13
7xn01c,"Harden keeps dimes in his beard",2,https://www.youtube.com/watch?v=sXN-cgKi74Y,/r/JamesHarden/comments/7xn01c/harden_keeps_dimes_in_his_beard/,r_jharden13
7yk2lg,"Russell Westbrook Shows Kevin Durant Respect In All Star Game 2018",3,https://www.youtube.com/watch?v=R955p22gyYU,/r/KevinDurant/comments/7yk2lg/russell_westbrook_shows_kevin_durant_respect_in/,r_kd35warriors
7ylq3y,"Stephen Curry Shows LeBron James He Can't Be Guarded! 2018 All Star Game",1,https://www.youtube.com/attribution_link?a=CLCh9hLM4Ik&u=%2Fwatch%3Fv%3DERipDwUAVb0%26feature%3Dshare,/r/LeBron_James/comments/7ylq3y/stephen_curry_shows_lebron_james_he_cant_be/,r_kingjames
7yq511,"Rare Stephen Curry Dunking Compilation",2,https://youtu.be/SzhPGDEH744,/r/stephencurry/comments/7yq511/rare_stephen_curry_dunking_compilation/,r_stephencurry
7yw1pa,"Watch Giannis Antetokounmpo wearing his Greek army uniform!",4,http://en.protothema.gr/the-antetokounmpo-brothers-in-the-greek-army-photosvideo/,/r/giannisantetokounmpo/comments/7yw1pa/watch_giannis_antetokounmpo_wearing_his_greek/,r_giannis_an34
813rgq,"The üêê meeting the üêê",2,https://i.redd.it/uap2h6ax24j01.jpg,/r/JamesHarden/comments/813rgq/the_meeting_the/,r_jharden13
81atah,"Stephen Curry Signed Bobblehead Giveaway!",2,https://twitter.com/ChefCurryGame/status/967066524740591617,/r/stephencurry/comments/81atah/stephen_curry_signed_bobblehead_giveaway/,r_stephencurry
81eikz,"WHEN JAMES HARDEN STARES YOU DOWN",2,https://www.youtube.com/watch?v=qjTwFO2fnsA&feature=youtu.be,/r/JamesHarden/comments/81eikz/when_james_harden_stares_you_down/,r_jharden13
82mup8,"The Top 10 about Stephen Curry's Life",2,https://m.youtube.com/watch?v=J269BQIuwvk,/r/stephencurry/comments/82mup8/the_top_10_about_stephen_currys_life/,r_stephencurry
840wzy,"This video EXPOSES how the Cavs are subtly ‚ÄúTanking‚Äù (blog/theory/coverage)",2,https://youtu.be/51kRMzWX0lg,/r/LeBron_James/comments/840wzy/this_video_exposes_how_the_cavs_are_subtly/,r_kingjames
84gqog,"James Harden - MIXTAPE 2018",1,https://www.reddit.com/r/JamesHarden/comments/84gqog/james_harden_mixtape_2018/,/r/JamesHarden/comments/84gqog/james_harden_mixtape_2018/,r_jharden13
84ho0j,"I made a Top 10 Steph Curry 3's highlights to celebrate his 30th Birthday!",1,https://www.reddit.com/r/stephencurry/comments/84ho0j/i_made_a_top_10_steph_curry_3s_highlights_to/,/r/stephencurry/comments/84ho0j/i_made_a_top_10_steph_curry_3s_highlights_to/,r_stephencurry
86je0z,"Giannis Antetokounmpo on ‚Äú60 Minutes‚Äù: I was the best salesman on the streets of Athens",7,http://en.protothema.gr/i-was-the-best-salesman-on-the-streets-of-athens-giannis-antetokounmpo-on-60-minutes/,/r/giannisantetokounmpo/comments/86je0z/giannis_antetokounmpo_on_60_minutes_i_was_the/,r_giannis_an34
8763s1,"Stephen Curry - See Me Fall (Music Video) ·¥¥·¥∞",1,https://www.youtube.com/attribution_link?a=uyuZu-gUK5U&u=%2Fwatch%3Fv%3D-lh2FbPHNVc%26feature%3Dshare,/r/stephencurry/comments/8763s1/stephen_curry_see_me_fall_music_video_·¥¥·¥∞/,r_stephencurry
87l0mk,"James Harden - Butterfly Effect Music Video" ·¥¥·¥∞"""",3,https://www.youtube.com/attribution_link?a=2P9y4AO3DYM&u=%2Fwatch%3Fv%3Da42NDwHDKXo%26feature%3Dshare,/r/JamesHarden/comments/87l0mk/james_harden_butterfly_effect_music_video_·¥¥·¥∞/,r_jharden13
8a9anp,"NBA Rumors: Political Differences Reveals Why LeBron James Could Leave Cleveland Cavaliers",1,https://www.velvetiere.com/2018/04/06/nba-rumors-political-differences-reveals-why-lebron-james-could-leave-cleveland-cavaliers-3734,/r/LeBron_James/comments/8a9anp/nba_rumors_political_differences_reveals_why/,r_kingjames
8bulu7,MOOD,5,https://twitter.com/buycustomgeofil/status/984486532013854720?s=21,/r/JamesHarden/comments/8bulu7/mood/,r_jharden13
8cvlo0,"Giannis Antetokoumpo: I am proud to be a Greek",1,http://en.protothema.gr/giannis-antetokoumpo-i-am-proud-to-be-a-greek/,/r/giannisantetokounmpo/comments/8cvlo0/giannis_antetokoumpo_i_am_proud_to_be_a_greek/,r_giannis_an34
8ddtgs,"LeBron James goes off for 20 points in first quarter of Game 2 vs. Pacers",3,https://news.youtubecategories.com/lebron-james-goes-off-for-20-points-in-first-quarter-of-game-2-vs-pacers-espn/,/r/LeBron_James/comments/8ddtgs/lebron_james_goes_off_for_20_points_in_first/,r_kingjames
8dkpbo,"IS James Harden soft for playoffs ?",1,https://www.reddit.com/r/JamesHarden/comments/8dkpbo/is_james_harden_soft_for_playoffs/,/r/JamesHarden/comments/8dkpbo/is_james_harden_soft_for_playoffs/,r_jharden13
8f5a3m,"Lebron James Edit | Goat Season 2018",4,https://www.youtube.com/attribution_link?a=Q4lDScDWNZQ&u=%2Fwatch%3Fv%3D0SVZhaQu3to%26feature%3Dshare,/r/LeBron_James/comments/8f5a3m/lebron_james_edit_goat_season_2018/,r_kingjames
8g1iy9,"Giannis Antetokounmpo amazing street art video (video)",3,http://en.protothema.gr/giannis-antetokounmpo-amazing-street-art-video-video/,/r/giannisantetokounmpo/comments/8g1iy9/giannis_antetokounmpo_amazing_street_art_video/,r_giannis_an34
8gxdim,"LeBron puts on clinic as Cavaliers school Raptors",4,http://www.espn.com/nba/story/_/id/23398934/cleveland-cavaliers-lebron-james-schools-toronto-raptors-game-2-victory,/r/LeBron_James/comments/8gxdim/lebron_puts_on_clinic_as_cavaliers_school_raptors/,r_kingjames
8h298f,"Lebron James‚Äô ‚ÄúSecret Water‚Äù üëÄ",3,https://youtu.be/4wIPs6CO1Yo,/r/LeBron_James/comments/8h298f/lebron_james_secret_water/,r_kingjames
8hvf7k,"total point lag online??",1,https://www.reddit.com/r/LeBron_James/comments/8hvf7k/total_point_lag_online/,/r/LeBron_James/comments/8hvf7k/total_point_lag_online/,r_kingjames
8hyqbx,"Lebron's Game 4 Hat Is Trending",1,https://gearpatrol.com/2018/05/08/lebron-james-free-and-easy-cap/,/r/LeBron_James/comments/8hyqbx/lebrons_game_4_hat_is_trending/,r_kingjames
8j2vh1,"Who wants one?",0,https://i.redd.it/dab6s470klx01.jpg,/r/LeBron_James/comments/8j2vh1/who_wants_one/,r_kingjames
8jjia9,"Giannis Antetokounmpo picks up NBA dunk of the year award! (video)",3,http://en.protothema.gr/giannis-antetokounmpo-picks-up-nba-dunk-of-the-year-award-video/,/r/giannisantetokounmpo/comments/8jjia9/giannis_antetokounmpo_picks_up_nba_dunk_of_the/,r_giannis_an34
8jsbym,"Is it meeee or....?",7,https://i.redd.it/u02x7netf5y01.jpg,/r/LeBron_James/comments/8jsbym/is_it_meeee_or/,r_kingjames
8kc14v,"Stephen Curry X Lil Uzi Vert - No Sleep Leak",2,https://www.youtube.com/watch?v=E1yxghcswoQ,/r/stephencurry/comments/8kc14v/stephen_curry_x_lil_uzi_vert_no_sleep_leak/,r_stephencurry
8khc48,"Thoughts on a possible new Curry Shoe...",1,https://i.redd.it/2bymb6xm5py01.png,/r/stephencurry/comments/8khc48/thoughts_on_a_possible_new_curry_shoe/,r_stephencurry
8kod0u,"Lebron. After cuncussion. Reflection on my watch.",4,https://i.redd.it/2fo6sul6vvy01.jpg,/r/LeBron_James/comments/8kod0u/lebron_after_cuncussion_reflection_on_my_watch/,r_kingjames
8kt9wu,"The GOAT is being spent with J.R fucking asshole smith.. And The SNEAK is being succeed with dramon fucking asshole green..",2,https://www.reddit.com/r/LeBron_James/comments/8kt9wu/the_goat_is_being_spent_with_jr_fucking_asshole/,/r/LeBron_James/comments/8kt9wu/the_goat_is_being_spent_with_jr_fucking_asshole/,r_kingjames
8lu6qp,"Lebron's bubble workout explained!",2,https://youtu.be/MlxZ2wxkjqI,/r/LeBron_James/comments/8lu6qp/lebrons_bubble_workout_explained/,r_kingjames
8lxgnw,"LeBron vs MJ",3,https://www.reddit.com/r/LeBron_James/comments/8lxgnw/lebron_vs_mj/,/r/LeBron_James/comments/8lxgnw/lebron_vs_mj/,r_kingjames
8mog4v,lerbon666,8,https://i.redd.it/dpn88itpzj011.jpg,/r/LeBron_James/comments/8mog4v/lerbon666/,r_kingjames
8mwpyj,"Michael Jordans response to LeBron James",2,https://www.youtube.com/attribution_link?a=qrjm8cdsGo0&u=%2Fwatch%3Fv%3Dhjw--ueEf8c%26feature%3Dshare,/r/LeBron_James/comments/8mwpyj/michael_jordans_response_to_lebron_james/,r_kingjames
8n00nl,"Game 7 highlights but with epic Music",5,https://youtu.be/W7zabTTjjbg,/r/LeBron_James/comments/8n00nl/game_7_highlights_but_with_epic_music/,r_kingjames
8oeoq1,"xkcd: LeBron James and Stephen Curry",3,https://xkcd.com/2002/,/r/stephencurry/comments/8oeoq1/xkcd_lebron_james_and_stephen_curry/,r_stephencurry
8pggtg,"Just released a new LeBron video! would appreciate feedback. Btw sorry for the self promo",1,https://www.youtube.com/watch?v=DCHj8lNzKEU,/r/LeBron_James/comments/8pggtg/just_released_a_new_lebron_video_would_appreciate/,r_kingjames
8pn38e,"Found An interesting design",1,https://andtrends.com/products/basketball-moonshot-phone-wallet-case,/r/stephencurry/comments/8pn38e/found_an_interesting_design/,r_stephencurry
8q24gw,"NBA: Steph Curry's Top 10 Plays of His Career",2,https://youtu.be/IWWJpQjYrTM,/r/stephencurry/comments/8q24gw/nba_steph_currys_top_10_plays_of_his_career/,r_stephencurry
8r6coh,"Colorado Baker Case, Lebron Haters, and more?",1,https://itunes.apple.com/us/podcast/the-wild-wild-world-podcast/id1392147384?mt=2&i=1000413764933,/r/LeBron_James/comments/8r6coh/colorado_baker_case_lebron_haters_and_more/,r_kingjames
8tsh2n,"NBA free agency rumors: LeBron James reportedly 'calling players on other teams he wants to play with'",3,https://ca.yahoo.com/sports/news/nba-free-agency-rumors-lebron-034404080.html,/r/LeBron_James/comments/8tsh2n/nba_free_agency_rumors_lebron_james_reportedly/,r_kingjames
8txrwn,"Another ‚ÄúGreek Freak‚Äù enters the NBA!",2,http://en.protothema.gr/another-greek-freak-enters-the-nba/,/r/giannisantetokounmpo/comments/8txrwn/another_greek_freak_enters_the_nba/,r_giannis_an34
8vejce,"Lebron is a Laker!!!",4,https://www.reddit.com/r/LeBron_James/comments/8vejce/lebron_is_a_laker/,/r/LeBron_James/comments/8vejce/lebron_is_a_laker/,r_kingjames
8vsyec,"When lakers fans hear lebron is coming to town",5,https://www.youtube.com/watch?v=bzBSAOwwUuk,/r/LeBron_James/comments/8vsyec/when_lakers_fans_hear_lebron_is_coming_to_town/,r_kingjames
8wqai4,"Lebron James's Game Winner 5 Last-Second Shot",1,https://www.youtube.com/attribution_link?a=xhbrNIxmR4I&u=%2Fwatch%3Fv%3DoNJfatonZpQ%26feature%3Dshare,/r/LeBron_James/comments/8wqai4/lebron_jamess_game_winner_5_lastsecond_shot/,r_kingjames
8x780p,"2019 Lakers vs Warriors Nba2k18",1,https://youtu.be/HNeo2s5Hsp4,/r/LeBron_James/comments/8x780p/2019_lakers_vs_warriors_nba2k18/,r_kingjames
8xv210,"Why LeBron going to the lakers is a good thing",2,https://www.reddit.com/r/LeBron_James/comments/8xv210/why_lebron_going_to_the_lakers_is_a_good_thing/,/r/LeBron_James/comments/8xv210/why_lebron_going_to_the_lakers_is_a_good_thing/,r_kingjames
8yoszs,"#Lebronjames @MVPsportz",2,https://i.redd.it/x7kefiq8us911.jpg,/r/LeBron_James/comments/8yoszs/lebronjames_mvpsportz/,r_kingjames
90alxl,"Does anyone have the masterclass available for download?(stephs)",1,https://www.reddit.com/r/stephencurry/comments/90alxl/does_anyone_have_the_masterclass_available_for/,/r/stephencurry/comments/90alxl/does_anyone_have_the_masterclass_available_for/,r_stephencurry
91c79u,"Lebron had how many friends in NBA ?",2,https://www.goldenstatewarriorsjerseys.us/lebron-carmelo-friendship-nba/,/r/LeBron_James/comments/91c79u/lebron_had_how_many_friends_in_nba/,r_kingjames
92yrmz,"Stephen Curry vs Kyrie Irving Mix",1,https://youtu.be/zmK7BC_86v0,/r/stephencurry/comments/92yrmz/stephen_curry_vs_kyrie_irving_mix/,r_stephencurry
93j39i,"LA-bound LeBron leaves lasting gift, Akron 'always home'",3,https://ca.sports.yahoo.com/news/la-bound-lebron-opens-school-akron-part-legacy-163804316--nba.html,/r/LeBron_James/comments/93j39i/labound_lebron_leaves_lasting_gift_akron_always/,r_kingjames
94n934,"Homeless rappers!!!",0,https://www.reddit.com/r/LeBron_James/comments/94n934/homeless_rappers/,/r/LeBron_James/comments/94n934/homeless_rappers/,r_kingjames
95aka3,"Stephen Curry Design - Speed Art (Sports Design)",1,https://www.youtube.com/watch?v=S2fKLKJ_iC0,/r/stephencurry/comments/95aka3/stephen_curry_design_speed_art_sports_design/,r_stephencurry
95cxod,"Are Lebron James' off Court Moves Really Diminishing Jordans' Legacy?",1,https://youtu.be/2L9ZuU4Ak4U,/r/LeBron_James/comments/95cxod/are_lebron_james_off_court_moves_really/,r_kingjames
95vlbr,"Lebron James &amp; Travis Scott Are Cooking Up Something Together Right Now",2,http://www.osheysneh.com/2018/08/lebron-james-travis-scott-are-cooking.html,/r/LeBron_James/comments/95vlbr/lebron_james_amp_travis_scott_are_cooking_up/,r_kingjames
96rk3b,"Ready to NBA and Lebron balling?",3,https://www.reddit.com/r/LeBron_James/comments/96rk3b/ready_to_nba_and_lebron_balling/,/r/LeBron_James/comments/96rk3b/ready_to_nba_and_lebron_balling/,r_kingjames
97c1r7,"Giannis Antetokounmpo - NBA 2K19 Mix",2,https://youtu.be/CN0H5cmZXxg,/r/giannisantetokounmpo/comments/97c1r7/giannis_antetokounmpo_nba_2k19_mix/,r_giannis_an34
97r7a8,"I‚Äôm for the King!",7,https://www.reddit.com/r/LeBron_James/comments/97r7a8/im_for_the_king/,/r/LeBron_James/comments/97r7a8/im_for_the_king/,r_kingjames
98h2jo,"Stephen Curry funny Vine compilation Lol!",1,https://www.youtube.com/watch?v=EJ36nWFvVaU&t=4s,/r/stephencurry/comments/98h2jo/stephen_curry_funny_vine_compilation_lol/,r_stephencurry
98hgaz,"Stephen Curry Mix - Deadliest Shooter of All TIME",2,https://youtu.be/W4th1l7RSPg,/r/stephencurry/comments/98hgaz/stephen_curry_mix_deadliest_shooter_of_all_time/,r_stephencurry
99aqww,"Yo go check out üëÄüî• my new Kevin Durant Mix ~ ‚ÄúLeave me‚Äù ft Rich the kid",1,https://youtu.be/TAsvw1ATcCc,/r/KevinDurant/comments/99aqww/yo_go_check_out_my_new_kevin_durant_mix_leave_me/,r_kd35warriors
99urp4,"STEPHEN CURRY CRAZY NBA HIGHLIGHTS (2018,2017,2016,2015)",2,https://youtu.be/h0BS22znONc,/r/stephencurry/comments/99urp4/stephen_curry_crazy_nba_highlights/,r_stephencurry
99yzmo,"[OC] Giannis Antetokounmpo - 44 More Logic Mix",3,https://youtu.be/fVkciyTAj7o,/r/giannisantetokounmpo/comments/99yzmo/oc_giannis_antetokounmpo_44_more_logic_mix/,r_giannis_an34
9a41gx,"Stephen Curry Amazing first NBA Game! Warriors suprised",3,https://youtu.be/heFpZSkFtFo,/r/stephencurry/comments/9a41gx/stephen_curry_amazing_first_nba_game_warriors/,r_stephencurry
9ad0dg,"King James Dunkman Air Max 90 History and Review",2,https://m.youtube.com/watch?v=41lK5Q519Gc,/r/LeBron_James/comments/9ad0dg/king_james_dunkman_air_max_90_history_and_review/,r_kingjames
9apvm0,"What do you guys think? Is the lebron system real? What type of players does he make better/worse ?",2,https://youtu.be/fMqomAwO2dc,/r/LeBron_James/comments/9apvm0/what_do_you_guys_think_is_the_lebron_system_real/,r_kingjames
9bv16h,"KEVIN DURANT LEGACY IN QUESTION?",1,https://youtu.be/pNpu2R7GQvc,/r/KevinDurant/comments/9bv16h/kevin_durant_legacy_in_question/,r_kd35warriors
9c4ae7,"Best of Chris Paul | Rico Hines UCLA Run!",2,https://youtu.be/PsAOyj7vMtM,/r/JamesHarden/comments/9c4ae7/best_of_chris_paul_rico_hines_ucla_run/,r_jharden13
9dmn82,"Go watch this fire Stephen Curry Mix üî•üíØ",1,https://youtu.be/aetDYvVaIx0,/r/stephencurry/comments/9dmn82/go_watch_this_fire_stephen_curry_mix/,r_stephencurry
9e01i5,"Steph Curry loses in his own Under Armour Asia Tour skills challenge üíÄ",0,https://youtu.be/vW3XRPe1GYM,/r/stephencurry/comments/9e01i5/steph_curry_loses_in_his_own_under_armour_asia/,r_stephencurry
9e6p2n,"Stephen Curry Hyped Plays || 2017-2018 Season!",3,https://youtu.be/GunvEWjQ_SA,/r/stephencurry/comments/9e6p2n/stephen_curry_hyped_plays_20172018_season/,r_stephencurry
9e98rt,"James Harden Iso Mode Highlights || 2017-18 Season!",2,https://youtu.be/iIMEpRNww7Q,/r/JamesHarden/comments/9e98rt/james_harden_iso_mode_highlights_201718_season/,r_jharden13
9eclj2,"Kings Never Die",9,https://i.redd.it/ibyyym5yh7l11.jpg,/r/LeBron_James/comments/9eclj2/kings_never_die/,r_kingjames
9fzgr0,"I saw some blocks. Curry is crying...",3,https://i.redd.it/tl5k62fslcm11.jpg,/r/LeBron_James/comments/9fzgr0/i_saw_some_blocks_curry_is_crying/,r_kingjames
9gbkwg,"NBA 2K19 How to do the James Harden Double Step Back",3,https://www.youtube.com/watch?v=1Kbj7oHlUdM,/r/JamesHarden/comments/9gbkwg/nba_2k19_how_to_do_the_james_harden_double_step/,r_jharden13
9it13j,"LEBRON JAMES ON GSW",1,https://youtu.be/qF2vwMAjSdc,/r/LeBron_James/comments/9it13j/lebron_james_on_gsw/,r_kingjames
9jpcct,"Hoopzilla - The biggest LBJ hater on the realgm forums. Check it out and read all his posts. If your a fan of LBJ you will get a kick out of it. I always. Basically compared him s glorified Corey Maggette. He builds narratives and calls LBJ a ring-chaser but at the same time applauds KD",1,https://forums.realgm.com/boards/viewtopic.php?p=68804900#p68804900,/r/LeBron_James/comments/9jpcct/hoopzilla_the_biggest_lbj_hater_on_the_realgm/,r_kingjames
9jtwx9,"Celebrities & Fans React To Lil Wayne Tha Carter V""""",1,https://www.youtube.com/attribution_link?a=liBd1vQS94A&u=%2Fwatch%3Fv%3DU-L6ZBUIPmM%26feature%3Dshare,/r/LeBron_James/comments/9jtwx9/celebrities_fans_react_to_lil_wayne_tha_carter_v/,r_kingjames
9l10ez,"Hey Lebron,",0,https://www.reddit.com/r/LeBron_James/comments/9l10ez/hey_lebron/,/r/LeBron_James/comments/9l10ez/hey_lebron/,r_kingjames
9n209h,"Xxxtentacion - Sad! | Stephen Curry",1,https://youtu.be/jPOF4hHNvVs,/r/stephencurry/comments/9n209h/xxxtentacion_sad_stephen_curry/,r_stephencurry
9n6e8n,"All in on LeBron letting his kids drink wine",1,https://wingspansports.com/2018/10/09/all-in-on-lebron-kids-drinking-wine-at-14-11-,/r/LeBron_James/comments/9n6e8n/all_in_on_lebron_letting_his_kids_drink_wine/,r_kingjames
9obub6,"Lebron James - ‚ÄúFLIP THE SWITCH‚Äù FULL 2018 Preseason Mix",4,https://youtu.be/AvwBwK_HyQg,/r/LeBron_James/comments/9obub6/lebron_james_flip_the_switch_full_2018_preseason/,r_kingjames
9oksld,"My foughts on the topic Lebron vs Kd" Link down below."""",2,https://youtu.be/8ZK8X0LUEIA,/r/LeBron_James/comments/9oksld/my_foughts_on_the_topic_lebron_vs_kd_link_down/,r_kingjames
9pyrz6,"Stephen Curry Merchandise",1,https://www.youtube.com/watch?v=vURBzBueRGw&feature=youtu.be,/r/stephencurry/comments/9pyrz6/stephen_curry_merchandise/,r_stephencurry
9qew8j,"Lil Peep and LeBron James",1,https://youtu.be/Jh6_JAFtJ9g,/r/LeBron_James/comments/9qew8j/lil_peep_and_lebron_james/,r_kingjames
9rkpiu,"KOBE ON LEBRON HEAD TO HEAD",2,https://youtu.be/nIW2vne4ubo,/r/LeBron_James/comments/9rkpiu/kobe_on_lebron_head_to_head/,r_kingjames
9s6d9t,"LeBron James Owns WHAT?!?!",1,https://m.youtube.com/watch?v=hl-WDxx1rpE,/r/LeBron_James/comments/9s6d9t/lebron_james_owns_what/,r_kingjames
9soo5g,"Xxxtentacion - Moonlight üåí | Stephen Curry",2,https://youtu.be/tLLMMZU3v3Y,/r/stephencurry/comments/9soo5g/xxxtentacion_moonlight_stephen_curry/,r_stephencurry
9spf70,"The LeBron James Effect",1,https://unfilteredaccess.com/2018/10/26/the-lebron-james-effect/,/r/LeBron_James/comments/9spf70/the_lebron_james_effect/,r_kingjames
9spl1j,"Jordan Calls Out Lebron James - Lets Play One On One",3,https://youtu.be/eJ-aihbVLoQ,/r/LeBron_James/comments/9spl1j/jordan_calls_out_lebron_james_lets_play_one_on_one/,r_kingjames
9thf8o,#23,4,https://i.redd.it/lm8n0jq0wuv11.jpg,/r/LeBron_James/comments/9thf8o/23/,r_kingjames
9u9yi6,"**NEED ASSISTANCE** where is Lebron‚Äôs yellow bracelet from?!!",3,https://i.redd.it/5l377tn0ifw11.png,/r/LeBron_James/comments/9u9yi6/need_assistance_where_is_lebrons_yellow_bracelet/,r_kingjames
9ut7ed,"When you meet your idol | Photo by Alex Massek",11,https://i.redd.it/ueytfd0vesw11.jpg,/r/LeBron_James/comments/9ut7ed/when_you_meet_your_idol_photo_by_alex_massek/,r_kingjames
9xrll0,SHOWTIME,1,https://youtu.be/fsyGZJZQ78c,/r/LeBron_James/comments/9xrll0/showtime/,r_kingjames
9yag22,"MY NEW BUILD GOING CRAZY AT THE PARK!! (NBA 2K19) NEW LEBRON JAMES BUILD",0,https://www.youtube.com/attribution_link?a=yrwVxvqvW48&u=%2Fwatch%3Fv%3D0gIGTR5N2D0%26feature%3Dshare,/r/LeBron_James/comments/9yag22/my_new_build_going_crazy_at_the_park_nba_2k19_new/,r_kingjames
9yuf2s,"Kevin Durant Vs Fan",1,https://youtu.be/0SH0rOeJWzk,/r/KevinDurant/comments/9yuf2s/kevin_durant_vs_fan/,r_kd35warriors
9zzbed,"Xxxtentacion - VIRUS! X LeBron JamesüèÄ",0,https://youtu.be/SRYJx4b0oDM,/r/LeBron_James/comments/9zzbed/xxxtentacion_virus_x_lebron_james/,r_kingjames
a06pjn,"The Answer Is Clear",8,https://v.redd.it/u5x2p5g7kf021,/r/LeBron_James/comments/a06pjn/the_answer_is_clear/,r_kingjames
a195io,"Made this yesterday",6,https://i.redd.it/stymeu5dc4121.png,/r/giannisantetokounmpo/comments/a195io/made_this_yesterday/,r_giannis_an34
a1n7lc,"LeBron James piles pressure on son with hopes he plays at Duke",3,https://sports.yahoo.com/lebron-james-piles-pressure-hopes-son-plays-duke-010222946.html,/r/LeBron_James/comments/a1n7lc/lebron_james_piles_pressure_on_son_with_hopes_he/,r_kingjames
a1r0ht,"Steph Curry responds to fan who wants his sneakers in girls' sizes",2,http://abc7.com/sports/steph-curry-responds-to-fan-who-wants-his-sneakers-in-girls-sizes/4794575/,/r/stephencurry/comments/a1r0ht/steph_curry_responds_to_fan_who_wants_his/,r_stephencurry
a3pofy,"More tough talk from lebron",1,http://www.espn.com/nba/story/_/id/25467022/los-angeles-lakers-star-lebron-james-ignores-criticism-scores-20-fourth-quarter,/r/LeBron_James/comments/a3pofy/more_tough_talk_from_lebron/,r_kingjames
a4fozy,"Screw u guys",4,https://i.redd.it/cbhd5pscz4321.jpg,/r/LeBron_James/comments/a4fozy/screw_u_guys/,r_kingjames
a7wtsa,"Stephen Curry Live Stream",1,https://youtu.be/khrpfQ_h8Pg,/r/stephencurry/comments/a7wtsa/stephen_curry_live_stream/,r_stephencurry
a8vd3e,"Charity Game",1,https://www.reddit.com/r/LeBron_James/comments/a8vd3e/charity_game/,/r/LeBron_James/comments/a8vd3e/charity_game/,r_kingjames
ac7uc7,"LeBron James Highlight Mix to popular song!",2,https://youtu.be/3O24nAFXR80,/r/LeBron_James/comments/ac7uc7/lebron_james_highlight_mix_to_popular_song/,r_kingjames
ad0u7e,"Berserk harden",3,https://i.redd.it/nr7a3o7yhp821.jpg,/r/JamesHarden/comments/ad0u7e/berserk_harden/,r_jharden13
afgkxo,"LeBron 16",2,https://youtu.be/xhdkrEoc2Ww,/r/LeBron_James/comments/afgkxo/lebron_16/,r_kingjames
afqb6l,"How much is this Lebron James card worth. Can not find this card anywhere else on the internet to find out it‚Äôs value, from 2003 or 2004",3,https://i.redd.it/6q912g7pgaa21.jpg,/r/LeBron_James/comments/afqb6l/how_much_is_this_lebron_james_card_worth_can_not/,r_kingjames
ahrblj,"Just found this subreddit. This is my all-time favorite picture of The Kingü§¥üèø",18,https://i.redd.it/9z0vint4mgb21.jpg,/r/LeBron_James/comments/ahrblj/just_found_this_subreddit_this_is_my_alltime/,r_kingjames
ai2f2h,"Lebron James BEASTMODE Training",3,https://www.youtube.com/attribution_link?a=iCo5lojPV5M&u=%2Fwatch%3Fv%3DQVPhGaaqz3s%26feature%3Dshare,/r/LeBron_James/comments/ai2f2h/lebron_james_beastmode_training/,r_kingjames
ait7d0,"This video goes hard",3,https://www.reddit.com/r/giannisantetokounmpo/comments/ait7d0/this_video_goes_hard/,/r/giannisantetokounmpo/comments/ait7d0/this_video_goes_hard/,r_giannis_an34
ak32eu,"Whos better 2 steph curry or james harden",1,https://youtu.be/7_DHrHs1FuU,/r/JamesHarden/comments/ak32eu/whos_better_2_steph_curry_or_james_harden/,r_jharden13
aknuzn,"THIS VIDEO ALONE MAKES LEBRON THE GOAT",9,https://m.youtube.com/watch?v=EVtx1o-OoYs,/r/LeBron_James/comments/aknuzn/this_video_alone_makes_lebron_the_goat/,r_kingjames
amg7pf,"Giannis Antetokounmpo Highlights Mix HD 2019 | NBAMIX",2,https://youtu.be/araClttWlGw,/r/giannisantetokounmpo/comments/amg7pf/giannis_antetokounmpo_highlights_mix_hd_2019/,r_giannis_an34
amizm2,"Giannis Antetokounmpo NBA MIX - ‚ÄúREEL IT IN‚Äù",3,https://youtu.be/rA307H6Uuus,/r/giannisantetokounmpo/comments/amizm2/giannis_antetokounmpo_nba_mix_reel_it_in/,r_giannis_an34
amku6l,"Stephen Curry Mix {Survivor} ft. NBA Youngboy",1,https://youtu.be/nH7-daEmwLw,/r/stephencurry/comments/amku6l/stephen_curry_mix_survivor_ft_nba_youngboy/,r_stephencurry
apxw1n,"My Fuck laura ingraham song. I recorded a while ago. Shut up and dribble""""",1,https://www.reddit.com/r/LeBron_James/comments/apxw1n/my_fuck_laura_ingraham_song_i_recorded_a_while/,/r/LeBron_James/comments/apxw1n/my_fuck_laura_ingraham_song_i_recorded_a_while/,r_kingjames
aqa4xn,"This was Legendary! Sicko Mode live üî•",3,https://youtu.be/SSWhK9Om4p4,/r/LeBron_James/comments/aqa4xn/this_was_legendary_sicko_mode_live/,r_kingjames
aqew1q,"James Harden Mix",1,https://m.youtube.com/watch?v=5ij4xgFoy18,/r/JamesHarden/comments/aqew1q/james_harden_mix/,r_jharden13
aryz74,"Signed Steph Curry jersey up for grabs until 5 PM! All proceeds support safe drinking water for kids.",2,https://i.redd.it/je2gcx6tsch21.jpg,/r/stephencurry/comments/aryz74/signed_steph_curry_jersey_up_for_grabs_until_5_pm/,r_stephencurry
asf6mt,"King James Working on his first music project with 2 Chainz ‚ÄúRap or Go T...",5,https://www.youtube.com/attribution_link?a=-yDOBrHpsrI&u=%2Fwatch%3Fv%3DXzD8zkGS3Tw%26feature%3Dshare,/r/LeBron_James/comments/asf6mt/king_james_working_on_his_first_music_project/,r_kingjames
au6h6k,Kkk,0,https://www.reddit.com/r/LeBron_James/comments/au6h6k/kkk/,/r/LeBron_James/comments/au6h6k/kkk/,r_kingjames
avl660,"Lebron James Dancing During Lakers Practice",1,https://youtu.be/oOpmhY2TIdY,/r/LeBron_James/comments/avl660/lebron_james_dancing_during_lakers_practice/,r_kingjames
awca9z,"Feeling himself",11,https://v.redd.it/nm2486yxylj21,/r/LeBron_James/comments/awca9z/feeling_himself/,r_kingjames
awukax,"It‚Äôs amazing how this man finishes at the rim",2,https://youtu.be/aEvep8HUicc,/r/stephencurry/comments/awukax/its_amazing_how_this_man_finishes_at_the_rim/,r_stephencurry
ax0h4d,"Playoffs or nah",0,https://www.reddit.com/r/LeBron_James/comments/ax0h4d/playoffs_or_nah/,/r/LeBron_James/comments/ax0h4d/playoffs_or_nah/,r_kingjames
ax4vz0,"LeBron James About To Release Some ‚ÄúStress‚Äù",10,https://i.redd.it/x6i1xfe8d2k21.jpg,/r/LeBron_James/comments/ax4vz0/lebron_james_about_to_release_some_stress/,r_kingjames
axad7y,"Sircal Around The Way Girl Remix (LL Cool J Type Beat 2019)",1,https://www.youtube.com/attribution_link?a=aWJ_j8N9mZo&u=%2Fwatch%3Fv%3DXKLwXYFD0IA%26feature%3Dshare,/r/LeBron_James/comments/axad7y/sircal_around_the_way_girl_remix_ll_cool_j_type/,r_kingjames
axjk7g,"random flashback",4,https://v.redd.it/iq8sff7my9k21,/r/LeBron_James/comments/axjk7g/random_flashback/,r_kingjames
axuos2,"Would Missing The 2019 Playoffs Hurt Lebron's Legacy? - TheDomPod Ep.3",2,https://www.youtube.com/attribution_link?a=rewDTDchW5s&u=%2Fwatch%3Fv%3DB08sMRNff_A%26feature%3Dshare,/r/LeBron_James/comments/axuos2/would_missing_the_2019_playoffs_hurt_lebrons/,r_kingjames
ayggu5,"Lebron James Gets Emotional After Passing Michael Jordan‚Äôs Scoring Record",1,https://youtu.be/_RpBg2MfgtQ,/r/LeBron_James/comments/ayggu5/lebron_james_gets_emotional_after_passing_michael/,r_kingjames
ayv8l8,"NBA loves Hip-Hop: 2 Chainz‚Äôs Album with LeBron James is the Latest Example",1,https://unafraidshow.com/nba-loves-hip-hop-2-chainzs-album-with-lebron-james-is-the-latest-example/,/r/LeBron_James/comments/ayv8l8/nba_loves_hiphop_2_chainzs_album_with_lebron/,r_kingjames
aywxj1,"Is Michael Jordan Still The Goat? He Surely Thinks So",0,https://youtu.be/JKDhI8widNk,/r/LeBron_James/comments/aywxj1/is_michael_jordan_still_the_goat_he_surely_thinks/,r_kingjames
az6im2,"Why Lebron James is More than Just an Athlete",2,http://upthrust.co/2019/03/lebron-james-more-than-an-athlete,/r/LeBron_James/comments/az6im2/why_lebron_james_is_more_than_just_an_athlete/,r_kingjames
azagi1,"How can I find a fans group of LeBron James?",2,https://www.reddit.com/r/LeBron_James/comments/azagi1/how_can_i_find_a_fans_group_of_lebron_james/,/r/LeBron_James/comments/azagi1/how_can_i_find_a_fans_group_of_lebron_james/,r_kingjames
b19fw9,"Sircal Balling Like Labron James 2019 Freestyle",2,https://www.youtube.com/attribution_link?a=IAtoqMtkgLI&u=%2Fwatch%3Fv%3DatJX9HS2xDU%26feature%3Dshare,/r/LeBron_James/comments/b19fw9/sircal_balling_like_labron_james_2019_freestyle/,r_kingjames
b1nex5,"What is Lebron laughing at",1,https://youtu.be/fwUUZrCW6z0,/r/LeBron_James/comments/b1nex5/what_is_lebron_laughing_at/,r_kingjames
b4hgqj,"Cliff Dixon (D.M.V Star)",1,https://www.youtube.com/attribution_link?a=zPrxdGu1eoI&u=%2Fwatch%3Fv%3DKKocLbPlXng%26feature%3Dshare,/r/KevinDurant/comments/b4hgqj/cliff_dixon_dmv_star/,r_kd35warriors
b8m81e,"GREEK FREAK (OFFICIAL LYRIC VIDEO)",3,https://youtu.be/l1FAHdxEhAg,/r/giannisantetokounmpo/comments/b8m81e/greek_freak_official_lyric_video/,r_giannis_an34
b9ms51,"GIANNIS FOR MVP",14,https://www.reddit.com/r/giannisantetokounmpo/comments/b9ms51/giannis_for_mvp/,/r/giannisantetokounmpo/comments/b9ms51/giannis_for_mvp/,r_giannis_an34
bbb97f,"Greek Freak || MVP Mixtape|| 2019 MVP Season ||",5,https://www.reddit.com/r/giannisantetokounmpo/comments/bbb97f/greek_freak_mvp_mixtape_2019_mvp_season/,/r/giannisantetokounmpo/comments/bbb97f/greek_freak_mvp_mixtape_2019_mvp_season/,r_giannis_an34
bc4zm3,"ESPORTS vs THE NBA ‚Äì Myth & Hamlinz Break It Down with Stephen Curry | 5 Minutes from Home",2,https://www.youtube.com/watch?v=VkjbHmqN-yk,/r/stephencurry/comments/bc4zm3/esports_vs_the_nba_myth_hamlinz_break_it_down/,r_stephencurry
bc96nd,"Which LeBron are you today?",9,https://i.imgur.com/okoW4D3.jpg,/r/LeBron_James/comments/bc96nd/which_lebron_are_you_today/,r_kingjames
bdpfnx,"$eeFo - ‚ÄúLebron James‚Äù Official Music Video (prod. ICYTWAT)",2,https://youtu.be/Vse8AGf3FOQ,/r/LeBron_James/comments/bdpfnx/eefo_lebron_james_official_music_video_prod/,r_kingjames
bea0n3,"Barack Obama Praised The Early Success Of LeBron James‚Äô ‚ÄòI Promise‚Äô School [in Akron, OH]",6,https://uproxx.com/dimemag/barack-obama-lebron-james-i-promise-school-success/,/r/LeBron_James/comments/bea0n3/barack_obama_praised_the_early_success_of_lebron/,r_kingjames
bepxup,"Giannis pins and stickers. Support the deer in style.",4,https://atticusrabatin.com/collection/giannispin,/r/giannisantetokounmpo/comments/bepxup/giannis_pins_and_stickers_support_the_deer_in/,r_giannis_an34
bespxx,goin_13ummi,1,https://i.redd.it/b5xc99gg44t21.jpg,/r/JamesHarden/comments/bespxx/goin_13ummi/,r_jharden13
