sequence_id,social_id_follower,screen_name_follower,followers_count,related_screen_name
1,3137403830,"Diego Martinez",90,t_StephenCurry30
2,1119332036139831296,"Joey Groves",0,t_StephenCurry30
3,1118677190122639360,NbaMemes,217,t_StephenCurry30
4,2614699891,"Marquise Hollis",11,t_StephenCurry30
5,1119331931185995776,"Batsile Batsile",0,t_StephenCurry30
6,1119330867510501376,"Tommy Brannan",0,t_StephenCurry30
7,1119229325176397824,"Alberto Benatti",3,t_StephenCurry30
8,1098064495174434816,"Hayden Hix",40,t_StephenCurry30
9,3150228536,"Kerry Decker",17,t_StephenCurry30
10,1119331080480468992,"Kadafi Johnson",0,t_StephenCurry30
11,963906228,WAONEüïäÔ∏è,26,t_StephenCurry30
12,1119323893729243136,Rob,0,t_StephenCurry30
13,1112503562553249797,"O tal do carinha l√°",3,t_StephenCurry30
14,243693550,@luiz89orlando,35,t_StephenCurry30
15,1119325055891197952,Shunta,0,t_StephenCurry30
16,961928568212262912,"Omar benzina",5,t_StephenCurry30
17,1119326745746903040,Oops_Zion_Ye,0,t_StephenCurry30
18,1099106430269956098,"Aj Kalifa",7,t_StephenCurry30
19,870750471551688705,Amara,8,t_StephenCurry30
20,1119329705453244421,Bigmatt49er@gmail.com,0,t_StephenCurry30
21,1117134395356237824,Gracie,0,t_StephenCurry30
22,1117054731015393280,"Nolan Steele",2,t_StephenCurry30
23,1084499776442429442,"Ralp Bartolome",0,t_StephenCurry30
24,1119329629301608454,Darell,1,t_StephenCurry30
25,1119282261554290689,"Yung simpo",2,t_StephenCurry30
26,382348508,"Andrew Smith",18,t_StephenCurry30
27,1119326834728919040,"Michael Rains",0,t_StephenCurry30
28,1119329308076593157,"Dandre Washington",0,t_StephenCurry30
29,1119322630639816704,"Gustavo Graham",2,t_StephenCurry30
30,1119328746266333191,Melvin,0,t_StephenCurry30
31,1088612671954538496,William,0,t_StephenCurry30
32,1119327486444228608,"Douglas Mitchell",0,t_StephenCurry30
33,1119253913448923136,"Hayden Kinney",17,t_StephenCurry30
34,1119328701034848257,"Ryan Hsu",1,t_StephenCurry30
35,1119326437578878977,"Bal√°zs Urb√°n",0,t_StephenCurry30
36,1119317787921534976,"Alishah Sheikh",2,t_StephenCurry30
37,1083139518948102147,"Vladimy Dormeus",24,t_StephenCurry30
38,1119327684780277761,bradywhite,0,t_StephenCurry30
39,1119322887549329410,"Sam Vranken",0,t_StephenCurry30
40,1119326979277430788,Tutu,2,t_StephenCurry30
41,1119324665543925761,"Mariio Nava",0,t_StephenCurry30
42,1119325364386398211,"Tony Faulkner",0,t_StephenCurry30
43,1119326731192680448,piru,0,t_StephenCurry30
44,907397909108244480,"Jaskarn Singh",14,t_StephenCurry30
45,1119326168874876929,"The Basketball King",0,t_StephenCurry30
46,1119327277379137536,T_NugGZ,0,t_StephenCurry30
47,1099746887039623169,TheHennygod,18,t_StephenCurry30
48,1119050745398083584,Isaac,2,t_StephenCurry30
49,1119326273615159296,"bryce ponce",0,t_StephenCurry30
50,1118897654648508417,"milicent james",0,t_StephenCurry30
51,798674600720826369,AronMoney,0,t_StephenCurry30
52,1119325603348406272,"Isaiah Pena",4,t_StephenCurry30
53,1110338412211507203,Julieüë∏üèΩ,12,t_StephenCurry30
54,1119326071587995654,Heidy,1,t_StephenCurry30
55,1119229750218719232,Baraka,3,t_StephenCurry30
56,825726071656022017,John,7,t_StephenCurry30
57,1119322821253971968,monikerpaulee,0,t_StephenCurry30
58,1119325312381267973,"Gabe Brennan",0,t_StephenCurry30
59,1048188315567120385,Nowherecool,3,t_StephenCurry30
60,1093647902981926915,Dan_J35,22,t_StephenCurry30
61,1118367247179898881,"Jalyn Watson",0,t_StephenCurry30
62,1115003299088883712,"mymy padilla",3,t_StephenCurry30
63,19500304,"Tony Bowles",755,t_StephenCurry30
64,1118240806794489857,Rahul,1,t_StephenCurry30
65,1119325123364913152,Drew,0,t_StephenCurry30
66,21846825,Agl,47,t_StephenCurry30
67,1117308398087729153,Barney,3,t_StephenCurry30
68,1055173708032172032,Joe,5,t_StephenCurry30
69,732311120262893568,"David Arce",0,t_StephenCurry30
70,1119325246484623360,"Denardo AdderleyüíØüáßüá∏üèÄ",0,t_StephenCurry30
71,93925001,"Elisa Cortopassi",35,t_StephenCurry30
72,1119324689736843265,robloxgod,0,t_StephenCurry30
73,1119325411429769223,miguel,0,t_StephenCurry30
74,4393786512,"tonja shipley",7,t_StephenCurry30
75,1119324466553577472,jokoko,0,t_StephenCurry30
76,1118288761291444224,"Harry Inyang Edet",1,t_StephenCurry30
77,1004190862870503425,"Laurent Lys Mendy",10,t_StephenCurry30
78,1119322983552749568,z.b._,2,t_StephenCurry30
79,1118891458055024640,king,0,t_StephenCurry30
80,1119323538559729665,TheDustinChampion,0,t_StephenCurry30
81,1119324399541346309,Janbabalerko,0,t_StephenCurry30
82,1119321986264522752,"MO√èSE INDALA",3,t_StephenCurry30
83,1116807052087705601,"farwqkarm ÿßŸÑŸÜÿ®ÿ±",3,t_StephenCurry30
84,1119322194587398150,"Gerard Jules",0,t_StephenCurry30
85,1119324106455945216,dylanwas,0,t_StephenCurry30
86,959531627431985154,emtrading9,2,t_StephenCurry30
87,1112167314697478144,Michael,1,t_StephenCurry30
88,1119323094697553920,Angela,2,t_StephenCurry30
89,2531755817,"Livinho da lacoste",11,t_StephenCurry30
90,1083785460806311936,PrestonBuckhanan,0,t_StephenCurry30
91,874594801244487680,LINNüë∏,4,t_StephenCurry30
92,2158797523,"Aboudia  Abdelhadi",73,t_StephenCurry30
93,1119317830741180417,liljhnx,1,t_StephenCurry30
94,1119322256667283456,Kj_steadman,0,t_StephenCurry30
95,1119321277330862080,mike,0,t_StephenCurry30
96,1119322240393404416,"malcolm curry",1,t_StephenCurry30
97,819675019198529536,"Calum Lewis",177,t_StephenCurry30
98,1119321039547224064,Tiddogariandoperez,0,t_StephenCurry30
99,1080714844951715840,Kendrick.,11,t_StephenCurry30
100,1103049455849299968,Sudhanshu,0,t_StephenCurry30
101,1119322151499309056,"Patrick Hastings",0,t_StephenCurry30
102,1119319380867764224,"Anntwanette A.Ferrell",0,t_StephenCurry30
103,1119107278190174208,"Eduardo Riggen",9,t_StephenCurry30
104,1119321030818975746,Curvon,0,t_StephenCurry30
105,1118938093866946566,Colin,3,t_StephenCurry30
106,1118472683623202816,"Tyshun Anderson",1,t_StephenCurry30
107,191055228,"Eray G√ºm√º≈ü",8,t_StephenCurry30
108,751219161897037826,AJ,1,t_StephenCurry30
109,1119320037842665472,"Charlie Jasper",2,t_StephenCurry30
110,3524988975,"william mcmann",23,t_StephenCurry30
111,1119320187470340098,B—îrŒ∑Œ±rd√∏,0,t_StephenCurry30
112,1015203472776392706,"Angel Luis Chacon",2,t_StephenCurry30
113,3346104803,Maddie,390,t_StephenCurry30
114,1119320523601629185,kiidü•µü§©,0,t_StephenCurry30
115,770762234821607424,"Tylar Foggs",12,t_StephenCurry30
116,1119316205553295362,"Laguerre Armandson",0,t_StephenCurry30
117,1112476969982218240,"Marla Finger",0,t_StephenCurry30
118,1119318143007186945,"Ras eusi Anthony",0,t_StephenCurry30
119,1119315822466555905,"ŸÖÿ≠ŸÖÿØ ÿ∑Ÿá",1,t_StephenCurry30
120,1118161942684807168,"Michael Wade",18,t_StephenCurry30
121,1119319955454009344,"Jeshua Gonz√°lez Roman",0,t_StephenCurry30
122,1119319708275224576,ErnieTheAnalcyst,0,t_StephenCurry30
123,1119319897828405254,"Matteo Stoffels",1,t_StephenCurry30
124,839970026912280576,"Reshell üåª",52,t_StephenCurry30
125,1103682777000656897,EZARRA198,0,t_StephenCurry30
126,1119317996349132800,vasu03rastogi,0,t_StephenCurry30
127,1119082167940681728,"Benjamin ChaveZ",1,t_StephenCurry30
128,1119318242676359168,"Jinja Ninga",0,t_StephenCurry30
129,1119317127155130369,"Bryce Ballard",1,t_StephenCurry30
130,890659547945324544,"Adusei william",46,t_StephenCurry30
131,1118540540612472832,rahfael,1,t_StephenCurry30
132,1119313678719782912,"Nick Fernald",1,t_StephenCurry30
133,1119318013273083906,"La Embiiiidaaa",0,t_StephenCurry30
134,1024488010799362049,Roylin,8,t_StephenCurry30
135,1119318035305832448,"Ian Rodrigo",0,t_StephenCurry30
136,1119316798573137921,"Clutch plays",6,t_StephenCurry30
137,1284807961,sosugi,10,t_StephenCurry30
138,1119316221919293441,Ë¢ÅÊ¢ìÂçö,0,t_StephenCurry30
139,1115858894981668865,beezo32,0,t_StephenCurry30
140,1119313400264310789,ToXic„ÉÑüó£‚ô®Ô∏è,1,t_StephenCurry30
141,929047891888533504,"Carl Goldsmith",2,t_StephenCurry30
142,621145347,"Patrick Swidler",85,t_StephenCurry30
143,1119313181019709441,"Alexis Jefferies",0,t_StephenCurry30
144,979965462359560192,Sarat√£,174,t_StephenCurry30
145,1119317069722337280,"Jacob Evans",0,t_StephenCurry30
146,1119317266024112128,Nbamemes,1,t_StephenCurry30
147,1119316110610821120,"Joe Brenner",0,t_StephenCurry30
148,1119315583210749953,"Johnboy_ LIVE LIFE MONEY AMBITIOUS",2,t_StephenCurry30
149,1119316180454580224,Clinton_hq,0,t_StephenCurry30
150,1119316710362951686,Kaleb,0,t_StephenCurry30
151,1119315632124846080,"≈ûevval √áok",0,t_StephenCurry30
152,1119314905579098112,"ELIAN ESTUPI√ëAN",0,t_StephenCurry30
153,1119315840653037569,Jaylaü§©,5,t_StephenCurry30
154,1097582488501796864,"Benjamin Araya",1,t_StephenCurry30
155,1119287509345689600,Iaaaanzxc,0,t_StephenCurry30
156,191577706,"Eric Ransom",166,t_StephenCurry30
157,1119307593212669953,"Jonathan Oquendo",1,t_StephenCurry30
158,1119314840085041152,"mara lo",2,t_StephenCurry30
159,1119315222404259842,"Nyte TooFuu",2,t_StephenCurry30
160,1038465084140351488,JneutronüöÄ,0,t_StephenCurry30
161,1119311773180551170,Bonkers‚ôã‚ôã,0,t_StephenCurry30
162,1119314568180895745,"Brenden Barbosa",1,t_StephenCurry30
163,1119314710254350336,Pacoo,2,t_StephenCurry30
164,1119313716737118208,"Caleb Shriver",11,t_StephenCurry30
165,1111731597781422084,"Anthony Rodriguez",0,t_StephenCurry30
166,1119313546528153601,"Dan Hunt",2,t_StephenCurry30
167,911269771932561409,"Keshia Elder",7,t_StephenCurry30
168,1119314302169571328,"Aakash Gupta",1,t_StephenCurry30
169,1119263344538656770,Â∞è‰ºçÊÄª,0,t_StephenCurry30
170,3217664446,"George Kritikos",5,t_StephenCurry30
171,18014408,"Dolly C. Mose",157,t_StephenCurry30
172,1118310732762718208,"Matthew Tiongco",0,t_StephenCurry30
173,1091347740624330752,gogofast,0,t_StephenCurry30
174,1119309571795898369,"Ryan Almodovar",0,t_StephenCurry30
175,1119312810414985216,"Jack Lamphere",1,t_StephenCurry30
176,1119313856046817280,spina,1,t_StephenCurry30
177,1119313276255592449,"Kloutse Jethro",3,t_StephenCurry30
178,1119082340922187782,"Brett Graese",2,t_StephenCurry30
179,155229930,"Jason Sayer",96,t_StephenCurry30
180,1119312544529899521,Nicolas,3,t_StephenCurry30
181,1119290710031781888,Berto,0,t_StephenCurry30
182,1102940333371998209,"Isaiah Robinson",8,t_StephenCurry30
183,2565361969,"Felecia Mays Corbin",79,t_StephenCurry30
184,1119311416027172864,Jonathan,0,t_StephenCurry30
185,1119309760732585984,B.steez,1,t_StephenCurry30
186,1118054406828675073,"Dr .Pei",0,t_StephenCurry30
187,1119313162808041473,Daytheoatüíöüêç,0,t_StephenCurry30
188,1118881381642194945,"Jenny Cueno",2,t_StephenCurry30
189,1119312742857314304,"Shequan Gibson",1,t_StephenCurry30
190,1119312722750054402,Isabella,2,t_StephenCurry30
191,1119311689223008257,Alessandraüíô,6,t_StephenCurry30
192,1119312864605548545,Jameshussle,0,t_StephenCurry30
193,1119312031197347840,"Jan Gonzalez",0,t_StephenCurry30
194,824639590157975552,"Allisson Licette",1,t_StephenCurry30
195,1119296700307464193,Jake,6,t_StephenCurry30
196,1119311351229353987,"Sharon Rhodes",1,t_StephenCurry30
197,1070458712228274177,"Giovani parker",13,t_StephenCurry30
198,711857615,"Cameron Brown",230,t_StephenCurry30
199,1119065194565722114,"Frank Walker",1,t_StephenCurry30
200,1119311162485637128,"Pamela Randolph",1,t_StephenCurry30
201,1119333042420633606,"Shawna Greenville",0,t_JHarden13
202,1118492876344832001,drake,0,t_JHarden13
203,940330431236460545,"S üß®",111,t_JHarden13
204,629277419,Bobwiz,144,t_JHarden13
205,1118479008637882368,"Rich Ratty Gh Boss",6,t_JHarden13
206,3137403830,"Diego Martinez",90,t_JHarden13
207,1118677190122639360,NbaMemes,217,t_JHarden13
208,885718541277609986,Carlos,8,t_JHarden13
209,1098064495174434816,"Hayden Hix",40,t_JHarden13
210,1119331080480468992,"Kadafi Johnson",0,t_JHarden13
211,1087123455206739968,Marsupilami,18,t_JHarden13
212,1085655321975103488,"A Lopez",7,t_JHarden13
213,1119328433924972549,omar,0,t_JHarden13
214,1112503562553249797,"O tal do carinha l√°",3,t_JHarden13
215,1119326745746903040,Oops_Zion_Ye,0,t_JHarden13
216,1587278264,"a foxy grandpa",421,t_JHarden13
217,1119326834728919040,"Michael Rains",0,t_JHarden13
218,2910724182,Damoü§òüèæ,764,t_JHarden13
219,1119325945121378305,"Andy Caper",0,t_JHarden13
220,1088612671954538496,William,0,t_JHarden13
221,1119326437578878977,"Bal√°zs Urb√°n",1,t_JHarden13
222,1119326168874876929,"The Basketball King",0,t_JHarden13
223,1118964614631436288,"Tim Pagan",5,t_JHarden13
224,1097883105044631553,"john gotti",0,t_JHarden13
225,1099746887039623169,TheHennygod,18,t_JHarden13
226,1119326196855123968,"Robert Alexander",0,t_JHarden13
227,544647430,Jay,75,t_JHarden13
228,42512238,Tony,42,t_JHarden13
229,1119320187470340098,B—îrŒ∑Œ±rd√∏,0,t_JHarden13
230,1119324466553577472,jokoko,0,t_JHarden13
231,491677167,Kwantaz,884,t_JHarden13
232,1118220079928348673,"Mustafa Suli√©man",10,t_JHarden13
233,4393786512,"tonja shipley",7,t_JHarden13
234,1118891458055024640,king,0,t_JHarden13
235,1086210201529679872,"Calvin Johnson",7,t_JHarden13
236,1105435976615235585,"Sam Ibeh",12,t_JHarden13
237,1119266428400484353,È´òÈò≥,0,t_JHarden13
238,1091751929846349824,"Tasha Wesson",12,t_JHarden13
239,1119322591347597312,"LUL BANKROLL",0,t_JHarden13
240,1083785460806311936,PrestonBuckhanan,0,t_JHarden13
241,1107715470222778368,ExecutionIsWorship,1,t_JHarden13
242,1051281067234213889,"Moses Ward",95,t_JHarden13
243,1117984949305532421,Becker,4,t_JHarden13
244,1119322256667283456,Kj_steadman,0,t_JHarden13
245,1102890766874144769,"J√©r√©mie henry",0,t_JHarden13
246,1119317830741180417,liljhnx,1,t_JHarden13
247,1119322240393404416,"malcolm curry",1,t_JHarden13
248,819675019198529536,"Calum Lewis",177,t_JHarden13
249,1103049455849299968,Sudhanshu,0,t_JHarden13
250,1119322151499309056,"Patrick Hastings",0,t_JHarden13
251,1117758471871586305,"Joe Medbery",7,t_JHarden13
252,1119321030818975746,Curvon,0,t_JHarden13
253,1118938093866946566,Colin,3,t_JHarden13
254,1118472683623202816,"Tyshun Anderson",1,t_JHarden13
255,191055228,"Eray G√ºm√º≈ü",8,t_JHarden13
256,1119295410886070272,Dontrell,0,t_JHarden13
257,1024095288456347653,"Roberto Fernandez",0,t_JHarden13
258,1119316205553295362,"Laguerre Armandson",0,t_JHarden13
259,1118161942684807168,"Michael Wade",18,t_JHarden13
260,1119082167940681728,"Benjamin ChaveZ",1,t_JHarden13
261,1119317996349132800,vasu03rastogi,0,t_JHarden13
262,1119318084127526913,"Mohamed El Bachir",4,t_JHarden13
263,1119313678719782912,"Nick Fernald",1,t_JHarden13
264,1112476969982218240,"Marla Finger",0,t_JHarden13
265,1116585022478094336,Fiona,0,t_JHarden13
266,1115858894981668865,beezo32,0,t_JHarden13
267,1119313400264310789,ToXic„ÉÑüó£‚ô®Ô∏è,1,t_JHarden13
268,2490241519,t.takeover_,21,t_JHarden13
269,543979488,"Lucas DiPiazza",51,t_JHarden13
270,1119317266024112128,Nbamemes,1,t_JHarden13
271,825919378545852416,"DZ|.Papi üíô",121,t_JHarden13
272,1119316180454580224,Clinton_hq,0,t_JHarden13
273,985179287752818688,Tenggg‚ù£Ô∏è,82,t_JHarden13
274,763674917946687488,"Azdin el guennouni",129,t_JHarden13
275,1119314568180895745,"Brenden Barbosa",1,t_JHarden13
276,1119287509345689600,Iaaaanzxc,0,t_JHarden13
277,1038465084140351488,JneutronüöÄ,0,t_JHarden13
278,1119314844346474497,THG_Ryanparker,1,t_JHarden13
279,3324557054,2.19.12,13,t_JHarden13
280,1111731597781422084,"Anthony Rodriguez",0,t_JHarden13
281,3217664446,"George Kritikos",5,t_JHarden13
282,1119263344538656770,Â∞è‰ºçÊÄª,0,t_JHarden13
283,1119082340922187782,"Brett Graese",2,t_JHarden13
284,1091347740624330752,gogofast,0,t_JHarden13
285,1119304463943184384,MƒÖ≈Ç√Æƒ∑.Uzair,4,t_JHarden13
286,1118054406828675073,"Dr .Pei",0,t_JHarden13
287,1118881381642194945,"Jenny Cueno",2,t_JHarden13
288,1051348220109094912,rafaelribeiro,2,t_JHarden13
289,2162014339,Hasinto,109,t_JHarden13
290,1119298157836324865,Áî∞ÂÆ∂Ë±™,0,t_JHarden13
291,1070458712228274177,"Giovani parker",13,t_JHarden13
292,1119307649839820801,"TFL DOLLA$",6,t_JHarden13
293,1285539080,Pita,19,t_JHarden13
294,1110263284781981696,üåó,10,t_JHarden13
295,1119311505562845185,"Sydney Flynn",0,t_JHarden13
296,394418244,"Paul-Joseph Aquino",31,t_JHarden13
297,2434619809,Aldoüî•,150,t_JHarden13
298,1119309977632403456,allyzafaith,1,t_JHarden13
299,1119034009844178944,"T Y R E K",1,t_JHarden13
300,1116331694926307329,"Some NameYT",10,t_JHarden13
301,918505417961066496,"WEGG BERNARD",68,t_JHarden13
302,1099804144456544256,"Ethan Lindstrom",2,t_JHarden13
303,2544270334,Luisüî•,283,t_JHarden13
304,780390739,"Alessandro Campagna",12,t_JHarden13
305,1172802092,"Thanos Didaskalou",0,t_JHarden13
306,745384506199252993,‚ÄèŸã,76,t_JHarden13
307,1119304074061668352,"Aidan Wisecup",6,t_JHarden13
308,1078260223951990787,"Miguel Angel Garijo Megias",5,t_JHarden13
309,1118991733000429568,"Jos√© Bettencourt",0,t_JHarden13
310,1119303140984205313,Nathaniel,1,t_JHarden13
311,1079458722773123072,DatGuyMelon,0,t_JHarden13
312,997194988973735936,"Joey Garofalo",4,t_JHarden13
313,621145347,"Patrick Swidler",85,t_JHarden13
314,1017235948558577664,Lucas,58,t_JHarden13
315,1035149452019818497,"NOn human",3,t_JHarden13
316,1119256594603302912,"Denzel Ricardo",2,t_JHarden13
317,1119303798655045632,"Elijah Tovar",5,t_JHarden13
318,1118954177391099905,Mr.McClain,2,t_JHarden13
319,1106977104548245504,"Jay The Suace God üî•üî•üî•",3,t_JHarden13
320,1097898574447165441,"Auto Mart USA",1,t_JHarden13
321,1119299993368780802,mateo,1,t_JHarden13
322,1119238867431972865,Josh,3,t_JHarden13
323,1115606571508043777,"Ma√´l Courcelles",0,t_JHarden13
324,1119304052737703936,"Paolo Mascaro",3,t_JHarden13
325,992392832303353856,Ymxxiao,0,t_JHarden13
326,870765878912049152,"Joseph Martinez",31,t_JHarden13
327,1118790498825719808,Henamespablo,2,t_JHarden13
328,1119295090764046336,Echooooo,9,t_JHarden13
329,1113239411284750336,"Gabriel 67w0",0,t_JHarden13
330,1119269760859017216,"RJ Gomez",0,t_JHarden13
331,1119303642467786754,Keyon_30,0,t_JHarden13
332,1119302946888355840,"alex lonzaga",0,t_JHarden13
333,1119291210978480129,"Xavier Sullivan",9,t_JHarden13
334,1118967399477403648,"Frank Lowor",0,t_JHarden13
335,1119302658467217408,POISONOUSENT,1,t_JHarden13
336,1926831841,"Tiago Sampaio",3,t_JHarden13
337,1119301580933795842,Alexander,2,t_JHarden13
338,908129172979159040,"Tre Lucas",22,t_JHarden13
339,859099743070412800,"Lit memes",4419,t_JHarden13
340,1299111289,Mr.Gucci,371,t_JHarden13
341,1109584606716747778,"Matt G",4,t_JHarden13
342,161555958,YourFavBlackGuy,75475,t_JHarden13
343,1117101541540933632,Cavanna26,2,t_JHarden13
344,1119302153959542784,"Kyle Guidry",6,t_JHarden13
345,62420211,"sheree blackshear",2,t_JHarden13
346,1119302992933597185,"Ak Tone",5,t_JHarden13
347,1119299665361604613,"Gianluca Esposito",1,t_JHarden13
348,976802552112123905,OvertDube#(0vara),30,t_JHarden13
349,939550011825651714,"Marc Alayon",11,t_JHarden13
350,19848670,"Yeezy Malak",121,t_JHarden13
351,1118670349149798401,"Alejandro Leon",0,t_JHarden13
352,1111420080334622720,ÊòØ‰Ω†ÁöÑ‰øäÂΩ¶,0,t_JHarden13
353,1102402584315392000,superdlw138,2,t_JHarden13
354,821298304021630978,M4xXFr4GZz,4,t_JHarden13
355,1074108483807543296,"Md Jashim Uddin",312,t_JHarden13
356,1119036484001173505,"Aarti Shah",13,t_JHarden13
357,1091680561226231809,"BUSINESS MAN",0,t_JHarden13
358,1216361726,"Rod Cowapoo",54,t_JHarden13
359,4891079958,"Chrissy Mattero",18,t_JHarden13
360,1119292763466420224,yoona,0,t_JHarden13
361,1090297019770507268,Alexander,0,t_JHarden13
362,1119298920792899585,baturayk,2,t_JHarden13
363,2608105155,"bernhard hammeren",9,t_JHarden13
364,1119294551355559941,"Brett LaFleur",0,t_JHarden13
365,1119298423566557185,FakeDanDakich,0,t_JHarden13
366,1119173309403402242,"William Russell",1,t_JHarden13
367,1119297723109400579,Octavio,2,t_JHarden13
368,1094946166809202689,"K A I S E R",25,t_JHarden13
369,1118856977944391680,"Mhysa Of Xtension‚Äôs",4,t_JHarden13
370,1119296700307464193,Jake,6,t_JHarden13
371,1112217344158388224,"Lenard Teves",3,t_JHarden13
372,1119050127509995520,"Felipe Santana",0,t_JHarden13
373,300508333,Harkinsfamilymattres,2205,t_JHarden13
374,1116425789514420225,"Cheesy Sports",4,t_JHarden13
375,1102503983510421504,Nemo,7,t_JHarden13
376,1119262436274704384,"Guilherme Sena",2,t_JHarden13
377,1064919008510529537,üíÄ,0,t_JHarden13
378,861395541418139648,"Mitch Somach",18,t_JHarden13
379,1119285510835335168,Áü≥Á£ä,0,t_JHarden13
380,1119295160272080896,Allenxanxus,0,t_JHarden13
381,2859279878,"Scott Orr",41,t_JHarden13
382,3928078032,"Talvin Collins",39,t_JHarden13
383,1093132484068499456,"Bah mamadou",0,t_JHarden13
384,980594052566577153,"Maykon Taylan",12,t_JHarden13
385,1001307611734663168,Brun√£oZL1910,8,t_JHarden13
386,1119295200013299712,swish,0,t_JHarden13
387,1119290003841003520,camryn,2,t_JHarden13
388,1119293929638248448,"Douglas Anderson",0,t_JHarden13
389,3942417380,"_KennethCruz_(Cong TV)",76,t_JHarden13
390,1115275908766687232,"Augusto Lima",93,t_JHarden13
391,1119293293790150656,"Tewoderos Yalelet",1,t_JHarden13
392,1117496572122681345,"Angel Mendez",0,t_JHarden13
393,1111856306510536704,"Feel numb of live",1,t_JHarden13
394,1119291927030042624,ü§¥üèæJQ,0,t_JHarden13
395,1119292902167855105,(‚ùÅ¬¥‚ó°`‚ùÅ)*‚ú≤Ôæü*,0,t_JHarden13
396,3400384109,"Sebasti√°n √Åvila",45,t_JHarden13
397,4769353276,Muri√ßoca,26,t_JHarden13
398,1119293498895687681,"Encore Brand Management",0,t_JHarden13
399,1119293042769321984,"Bryce „ÄΩÔ∏ècNice",5,t_JHarden13
400,805109936686395392,what,51,t_JHarden13
401,1119331878459314182,"Ian MacVey",0,t_KingJames
402,1119332272413597696,"Dav Gang",0,t_KingJames
403,1118885287386591232,trapstxrcharles,4,t_KingJames
404,1119332423232303106,MVG,0,t_KingJames
405,1119333074179723264,"kim nirson",0,t_KingJames
406,1119332662571757569,JohnWarrenVinluan,0,t_KingJames
407,1021951311539888130,Henrich,1,t_KingJames
408,1119331744862363654,"james maboka",0,t_KingJames
409,1119332661598801921,"Josimar SM""",0,t_KingJames
410,1119332445952925699,Marmar,0,t_KingJames
411,1119332065781194752,"Weza Candida Miguel",0,t_KingJames
412,1105022812647899137,lance,358,t_KingJames
413,1119332608029220876,AlvarezGonell,0,t_KingJames
414,1119331619876278278,"Sam Aslin",1,t_KingJames
415,1119332370769940480,Sharon,0,t_KingJames
416,940330431236460545,"S üß®",111,t_KingJames
417,1119326080924393473,TY,0,t_KingJames
418,4720575686,Kelsey,61,t_KingJames
419,1119331855013240832,Qunental,0,t_KingJames
420,1119331875074404352,muhammad,0,t_KingJames
421,1118492876344832001,drake,0,t_KingJames
422,1119331646048821249,"Obeng Enoch",0,t_KingJames
423,1119330752628449285,"Fourth Quarter KD",1,t_KingJames
424,1056468468348915712,"Gon√ßalo Escarameia",29,t_KingJames
425,1119331716944912384,R.F.,1,t_KingJames
426,1119332192633720832,btrr,0,t_KingJames
427,1119331774637776896,Jahaady,0,t_KingJames
428,1119332431017009152,"ÿπÿßÿ¥ŸÇŸá ÿßŸÑŸàÿ±ÿØ",0,t_KingJames
429,1119332047204622336,"Chris Wais",1,t_KingJames
430,1089169993563017216,M7fattani,3,t_KingJames
431,1119332032918769664,Andrei,0,t_KingJames
432,889001637221740544,"Francisco Sandoval",8,t_KingJames
433,1119325895397924867,"Alicia Binta",0,t_KingJames
434,1119316148389064707,"Elliot garcia",1,t_KingJames
435,1119331234147196928,LUAN18,0,t_KingJames
436,1119330439838171137,Khaled,0,t_KingJames
437,1119331458223693826,Gary,0,t_KingJames
438,314638380,"-Liddle Foot Tam-",302,t_KingJames
439,1119331931185995776,"Batsile Batsile",0,t_KingJames
440,1119327318328008704,"Armando Garcia",4,t_KingJames
441,1119330867510501376,"Tommy Brannan",0,t_KingJames
442,1119229325176397824,"Alberto Benatti",3,t_KingJames
443,1119331588809076738,"Ronan Doherty",0,t_KingJames
444,1119331531951153152,"Yahya Balula",0,t_KingJames
445,1119331425080233986,"Marissa Colmaire",0,t_KingJames
446,1119330944991682565,Nisa,1,t_KingJames
447,1119331720443170818,Logan,0,t_KingJames
448,1119320293263147010,Darlene,0,t_KingJames
449,1119331158171488264,_edouard_mgt,0,t_KingJames
450,1119331381761458178,"Felicia Nakogee",0,t_KingJames
451,1098064495174434816,"Hayden Hix",40,t_KingJames
452,1119330838188056581,Romeo,0,t_KingJames
453,1119330711411015682,"Sam Dockhorn",0,t_KingJames
454,1119330161139359745,Gemaelglk,3,t_KingJames
455,1119330871381827585,omar,0,t_KingJames
456,1095773707115601921,Quincy,9,t_KingJames
457,1119331146204979201,"Malkiel Ahn",1,t_KingJames
458,1119331080480468992,"Kadafi Johnson",0,t_KingJames
459,1119330932471865349,Mimi_loves_funneh,0,t_KingJames
460,713242938382245888,"MD against Trump!!!!",25,t_KingJames
461,3697660041,"Ahmet Akkaya",357,t_KingJames
462,1119328234913587200,"Zuha Daoud",4,t_KingJames
463,1119328122967592960,"Eduardo Pascoal",2,t_KingJames
464,1085655321975103488,"A Lopez",7,t_KingJames
465,1119329790782255104,Andrew,0,t_KingJames
466,1119016938804588544,Promise,1,t_KingJames
467,1119330832458686465,therealnbasite,0,t_KingJames
468,1119329533700780032,"Austin Spear",0,t_KingJames
469,1119328433924972549,omar,0,t_KingJames
470,1119330501553270784,Mike,0,t_KingJames
471,1119330554711818240,"Asma Bvb",0,t_KingJames
472,1119323893729243136,Rob,0,t_KingJames
473,1119330786975657992,Tanchey,0,t_KingJames
474,1119320547014393857,"Nicole Shaw",2,t_KingJames
475,1119329706187399168,"Tyran Smith",0,t_KingJames
476,1119330461581488129,Zeynep,0,t_KingJames
477,1119329912236793856,Peebey_mash,0,t_KingJames
478,1119327358878613504,"Bonface Nyangoya",0,t_KingJames
479,1119330326633832448,"Kristian Wilson",0,t_KingJames
480,1889961864,"Rahul lfc",1,t_KingJames
481,621228989,"kaden long",294,t_KingJames
482,1119326745746903040,Oops_Zion_Ye,0,t_KingJames
483,1081537636509118464,"Burak √ßam    ü¶Åüëë",28,t_KingJames
484,1119257743351791618,Stifler,3,t_KingJames
485,1093936684394336256,Funone405,59,t_KingJames
486,870750471551688705,Amara,8,t_KingJames
487,1119329731902615552,"Ethan Bingham",0,t_KingJames
488,1287688728,Laurie,4,t_KingJames
489,3804937346,"Missy Poeschel",407,t_KingJames
490,880861829286817792,"Ryan Kendrick Jenkin",2,t_KingJames
491,1119330005484363776,Bryüòù,0,t_KingJames
492,1119329405342449665,Pgc_Cam007,0,t_KingJames
493,1117054731015393280,"Nolan Steele",2,t_KingJames
494,1119328573330993152,"Youngins In Charge 2wayy",0,t_KingJames
495,1084499776442429442,"Ralp Bartolome",0,t_KingJames
496,1119329530420826112,"Mikalen Glenn",0,t_KingJames
497,1119328471325523973,"claudio slim",0,t_KingJames
498,1119329629301608454,Darell,1,t_KingJames
499,1119282261554290689,"Yung simpo",2,t_KingJames
500,1119329023342120962,Arturoperez,0,t_KingJames
501,1119329418076467200,"Matteo Luais",0,t_KingJames
502,1112287487714574336,Cyoder,1,t_KingJames
503,1119326834728919040,"Michael Rains",0,t_KingJames
504,1119326407446945792,"Franklin Gonzalez Diaz",0,t_KingJames
505,1115417329951756289,Aiysha,8,t_KingJames
506,1119329329505239040,"Lungile kubheka",0,t_KingJames
507,1119329308076593157,"Dandre Washington",0,t_KingJames
508,1119325945121378305,"Andy Caper",0,t_KingJames
509,1119329011480649729,"Eric Rogers",0,t_KingJames
510,909845402005975040,"Sammy Toa",116,t_KingJames
511,815371116,"Afonso Vieira",239,t_KingJames
512,907616064359600134,Breezy,235,t_KingJames
513,1119328928097816576,Rider,0,t_KingJames
514,1119328985471696897,ToxicBonnie,0,t_KingJames
515,1119328646001582081,"Jerome Bradley",2,t_KingJames
516,1119328964881915904,dnunyi123@gmail.com,0,t_KingJames
517,1119326902119030786,"Nathan Farmer",0,t_KingJames
518,1119328239103639552,NocasüòÇüíõ,0,t_KingJames
519,1119327651833888769,Jcob,2,t_KingJames
520,354978368,"Nomthandazo Sishi",41,t_KingJames
521,882714133489221632,"Melva Landry",3,t_KingJames
522,1119328066319388672,"Minister Robin",1,t_KingJames
523,1119327486444228608,"Douglas Mitchell",0,t_KingJames
524,1119327831106809856,ItsmeJcel,1,t_KingJames
525,1119328252441571328,"Willis Osei",1,t_KingJames
526,1119327810391367680,"ÿßÿ≠ÿßŸÖÿØ ÿßÿ≠ŸÖÿØ",0,t_KingJames
527,1119328446969208832,Micaela1022,1,t_KingJames
528,1119327460070514688,Ebenezer,1,t_KingJames
529,1119328230589079552,gg,0,t_KingJames
530,1119317787921534976,"Alishah Sheikh",2,t_KingJames
531,1119326437578878977,"Bal√°zs Urb√°n",1,t_KingJames
532,1119328484885614592,"Nabila Nisha",1,t_KingJames
533,1119327898865790976,"Angie zz",0,t_KingJames
534,1119327359092645893,"twane mccalla dajune",0,t_KingJames
535,1088612671954538496,William,0,t_KingJames
536,1119327580837036033,"Richy Dion",1,t_KingJames
537,1119327684780277761,bradywhite,0,t_KingJames
538,1119325621195366400,Bruno,0,t_KingJames
539,863844852,"Zenilda Paulo",1,t_KingJames
540,1119326872444256258,zandria,0,t_KingJames
541,1119327315987783680,edgardo,0,t_KingJames
542,1119326572392144899,ÿ®ÿ™ÿßÿ™ÿ≥ÿßŸäŸáüçü‚ú®,2,t_KingJames
543,1119326702327476224,edcommerce,0,t_KingJames
544,1119327377564237824,Rodrigues.suares,0,t_KingJames
545,1119327156839026694,"Craig Anderson",0,t_KingJames
546,1119322887549329410,"Sam Vranken",0,t_KingJames
547,1119326624615239680,Haidynhokeballer,0,t_KingJames
548,1119326771437027328,"Coolkid Axtien",0,t_KingJames
549,1119325364386398211,"Tony Faulkner",0,t_KingJames
550,1119327035984367618,"Delfinacapingala Andre",0,t_KingJames
551,828078435486617600,"Ellen Marie",381,t_KingJames
552,1119326529312501761,Wellington,0,t_KingJames
553,1119327491091357701,Apollo_Ice,0,t_KingJames
554,1119327411345211392,PrinceZuko,0,t_KingJames
555,1119326731192680448,piru,0,t_KingJames
556,1102135957392949248,Blasterr,7,t_KingJames
557,1119326168874876929,"The Basketball King",0,t_KingJames
558,1119327315874471937,Franco,0,t_KingJames
559,1119327135380979714,lukedoron,0,t_KingJames
560,1119327277379137536,T_NugGZ,0,t_KingJames
561,1119326485498793984,"Jo√£o Victor",0,t_KingJames
562,1119318271398940672,LaDevooüëø,1,t_KingJames
563,1119050745398083584,Isaac,2,t_KingJames
564,1119326845265219584,"Arturo Zuniga",0,t_KingJames
565,1119326273615159296,"bryce ponce",0,t_KingJames
566,1112353166518075393,"Malena Juarez",1,t_KingJames
567,1119326391458304006,"Cian Henderson",1,t_KingJames
568,1119326285942153216,"Lan Korencic",0,t_KingJames
569,1119326228085923840,"Isaac aloyce",0,t_KingJames
570,1119324394101329926,"Gregory Conners",0,t_KingJames
571,1119325173671440384,r√ºdigerkieker,0,t_KingJames
572,1119325603348406272,"Isaiah Pena",4,t_KingJames
573,3227096248,"Efe Serali",6,t_KingJames
574,1119278516477018114,"Arthur Thompson",0,t_KingJames
575,1119326196855123968,"Robert Alexander",0,t_KingJames
576,1119326644555137024,Koolaide2k,1,t_KingJames
577,1119326224654974978,SDGN88,0,t_KingJames
578,1119326071587995654,Heidy,1,t_KingJames
579,1119326038079746048,Ramsey,0,t_KingJames
580,1107052908728733696,"naiveel jay",27,t_KingJames
581,1119326587638435846,kevin,2,t_KingJames
582,544647430,Jay,75,t_KingJames
583,1119325753055817728,"Hellen McIntyre",0,t_KingJames
584,1119326092341469184,"Autumn McNew",0,t_KingJames
585,1119325801953017862,"Guleid Aj",0,t_KingJames
586,1119325699637153793,"Adrien üáµüáπ",1,t_KingJames
587,2980595415,"Tootie OfLA",24,t_KingJames
588,1117953783563157504,"Michael Olcese II",5,t_KingJames
589,1119326005028708352,Mady79155915,0,t_KingJames
590,1119325533182013440,"Paulik Namalaleiya",0,t_KingJames
591,1119325617105920003,"Michael Hiwot",0,t_KingJames
592,1119325312381267973,"Gabe Brennan",0,t_KingJames
593,1119304199689383936,Abedalziz,5,t_KingJames
594,53147218,"Ken S.",155,t_KingJames
595,1119325055891197952,Shunta,0,t_KingJames
596,1117035746379161600,Messiah,12,t_KingJames
597,1119325392328908806,Greenlight2k,0,t_KingJames
598,1119098614372945921,"eric Zhuang",0,t_KingJames
599,1119325609820164096,"leslie baker bitches",4,t_KingJames
600,1093647902981926915,Dan_J35,22,t_KingJames
601,493114819,AdriTorres,262,t_Giannis_An34
602,1115798104027082752,GreenMoneyShooter,6,t_Giannis_An34
603,1115049061961359361,Yanks4Life,8,t_Giannis_An34
604,1226713590,"Andre Rufus",51,t_Giannis_An34
605,312290746,"Chris Wood",253,t_Giannis_An34
606,2614699891,"Marquise Hollis",11,t_Giannis_An34
607,181897206,"Rye Gallano",193,t_Giannis_An34
608,1085655321975103488,"A Lopez",7,t_Giannis_An34
609,3372899818,"Federico Freddi",17,t_Giannis_An34
610,152394707,Santi,116,t_Giannis_An34
611,1119316179649290243,4city1boy4,0,t_Giannis_An34
612,3108136329,CeeJayy,349,t_Giannis_An34
613,710115709292949504,"Edrich Dunkelbacher",19,t_Giannis_An34
614,1118842705235382272,"Pat Regan",2,t_Giannis_An34
615,235342217,"Afrodite Ioannidu",2,t_Giannis_An34
616,775010459011260417,"Devin Harris",67,t_Giannis_An34
617,1119249508389588992,Justin,0,t_Giannis_An34
618,1119318445294747648,ImWayToxic,3,t_Giannis_An34
619,261272015,"Neal Ninmann",34,t_Giannis_An34
620,3996991272,"Brreakfastt on Twitch",66,t_Giannis_An34
621,1119316180454580224,Clinton_hq,0,t_Giannis_An34
622,1119316110610821120,"Joe Brenner",0,t_Giannis_An34
623,1119316592310083590,Azad,0,t_Giannis_An34
624,983880021889683456,"Graham Duncan",2,t_Giannis_An34
625,103064205,"Antwan Odom",59908,t_Giannis_An34
626,362609799,Brock,110,t_Giannis_An34
627,2653883087,henrique,58,t_Giannis_An34
628,1111287782268268544,nzzbboyyy,3,t_Giannis_An34
629,1079458722773123072,DatGuyMelon,0,t_Giannis_An34
630,2602166616,Eugenia,0,t_Giannis_An34
631,521672200,"@Nixon kalimba",9,t_Giannis_An34
632,621145347,"Patrick Swidler",85,t_Giannis_An34
633,1035149452019818497,"NOn human",3,t_Giannis_An34
634,1116940358498312192,"Mark Kaurich",0,t_Giannis_An34
635,1119302535465119745,Luis,1,t_Giannis_An34
636,1119304052737703936,"Paolo Mascaro",3,t_Giannis_An34
637,1119278802377609218,Im2Saucy,2,t_Giannis_An34
638,915736868850999296,"Guilherme ‚ìü",618,t_Giannis_An34
639,897470919223934976,"Estephe Sebastian",1,t_Giannis_An34
640,939550011825651714,"Marc Alayon",11,t_Giannis_An34
641,1118670349149798401,"Alejandro Leon",0,t_Giannis_An34
642,1100963700184371201,"Heaven üíóüê¢",13,t_Giannis_An34
643,2878095438,Calypso_,1,t_Giannis_An34
644,1296217964,"Jackie Chan",76,t_Giannis_An34
645,1109181032782270465,"Wayne Ryan William Wahl",27,t_Giannis_An34
646,1003480508318257152,Ryan,55,t_Giannis_An34
647,729101598476148737,"Nico Cirigliano",3,t_Giannis_An34
648,880175619933384705,"Robert Brockmann",5,t_Giannis_An34
649,873486283011698688,Red523,12,t_Giannis_An34
650,3942417380,"_KennethCruz_(Cong TV)",76,t_Giannis_An34
651,948749347612774400,"Brandon Anderson",2,t_Giannis_An34
652,1119253106250747904,"‡πÄ‡∏ï‡∏ä‡∏¥‡∏ï ‡∏™‡∏£‡∏∞‡∏Ñ‡πç‡∏≤‡∏à‡∏±‡∏ô‡∏ó‡∏£‡πå",0,t_Giannis_An34
653,2559678057,"sydney collins",5,t_Giannis_An34
654,931746670005641216,"Adam Gibbs",305,t_Giannis_An34
655,1119058764278239232,"Thomas Connolly",6,t_Giannis_An34
656,1045125507975655424,SplashManYT,11,t_Giannis_An34
657,975234935618498560,NachoCheeseBitxh,24,t_Giannis_An34
658,2914705594,"David Smith",66,t_Giannis_An34
659,1059431981585440768,"Sylwia Ratajczak",75,t_Giannis_An34
660,1062037043075842048,"Celina Blount",8,t_Giannis_An34
661,2881468242,"Daejour Jacksonüí∞(DJ)",89,t_Giannis_An34
662,1115901569906749440,gaby3p,28,t_Giannis_An34
663,1090636450700320768,nthnielgnzls,5,t_Giannis_An34
664,1119273489930780674,"Christina Grigoraki",0,t_Giannis_An34
665,3774627134,"Denniel Kai Mojica",10,t_Giannis_An34
666,52926554,BigGamers,25,t_Giannis_An34
667,2342016572,MattX,77,t_Giannis_An34
668,1119086683830358016,angel,4,t_Giannis_An34
669,991784053627150336,Trey,4,t_Giannis_An34
670,1119005261266673665,Pina,1,t_Giannis_An34
671,24407593,"Nick Tiganis",167,t_Giannis_An34
672,67795894,Vicky,62,t_Giannis_An34
673,959192427390230531,Sousaa,597,t_Giannis_An34
674,946790605249699840,"Kevin hernandez fernandez",7,t_Giannis_An34
675,1119270245892526082,Phenrico_08,5,t_Giannis_An34
676,770829996634017792,"Bryan Mathis",3,t_Giannis_An34
677,1112572288321363969,Devon,0,t_Giannis_An34
678,3032988420,"Jonathan Kirkman",39,t_Giannis_An34
679,1119267775271374848,"Pedro Enguita",1,t_Giannis_An34
680,1116674778125852674,"sylvester stanthan",0,t_Giannis_An34
681,1116128936763756544,kokkaliara,13,t_Giannis_An34
682,1119244934085795840,SplinterAlia,1,t_Giannis_An34
683,1115376107954606081,Hodges,1,t_Giannis_An34
684,1119251054829371399,"Shane Shucart",2,t_Giannis_An34
685,1119035788145168384,Danny,1,t_Giannis_An34
686,939963015893475328,"Chris Jacob Binuya",13,t_Giannis_An34
687,2886647470,Mitchell,16,t_Giannis_An34
688,3060840688,"Jonathan Garcia",0,t_Giannis_An34
689,1697336635,Callum,53,t_Giannis_An34
690,1119250185065062401,"elena zenoglou",0,t_Giannis_An34
691,834108347733274624,"Naomi Priscilia",25,t_Giannis_An34
692,1108852780494667776,"Guilherme Bispo",5,t_Giannis_An34
693,2497436904,"Brandon Enander",97,t_Giannis_An34
694,1118240016809857025,"Bobby Gomez",1,t_Giannis_An34
695,1101943606838026241,"Clouty Bü§ÆB",303,t_Giannis_An34
696,1110701892051582976,"Max Cisneros",0,t_Giannis_An34
697,1117689431450845185,"MƒÅrti≈Ü≈° Zvirbulis",2,t_Giannis_An34
698,1119220277265567744,"ken lee",4,t_Giannis_An34
699,1119163775435689984,"Callum Potter",0,t_Giannis_An34
700,701827562188709890,"Vincent Jones",7,t_Giannis_An34
701,3422117308,NESAH‚ú®ü§™,1199,t_Giannis_An34
702,406649291,"Dylan Gilreath",425,t_Giannis_An34
703,1119166927203516417,ÁéãÈöÜ,2,t_Giannis_An34
704,1636680985,Gast√≥n,99,t_Giannis_An34
705,1119246834600275968,"Gabriel Chu",0,t_Giannis_An34
706,1111477606883438594,"Kiran Curtis",5,t_Giannis_An34
707,1119212673911201792,"big gulps huh?",0,t_Giannis_An34
708,1090700122634240000,Aaron,0,t_Giannis_An34
709,1126806660,"Marcus Bryan",193,t_Giannis_An34
710,287693442,young.dessalines,96,t_Giannis_An34
711,1119233320099803139,Kyle,4,t_Giannis_An34
712,874626337469644801,"Declan Mcdermott",10,t_Giannis_An34
713,1118516418113236992,„ÉÄ„Éã„Ç®„É´Ôºù„É™„Éº,9,t_Giannis_An34
714,996464994693693445,LOYALTY.,89,t_Giannis_An34
715,501337064,z00971ap,5,t_Giannis_An34
716,1119237802275868673,mike,0,t_Giannis_An34
717,1117563703493373952,"Young Lord",15,t_Giannis_An34
718,713540743,"Adrian Solo James",17,t_Giannis_An34
719,1119158298186436608,"Michael Orallo",0,t_Giannis_An34
720,871590333380874242,Lex,753,t_Giannis_An34
721,867165554469195776,"Arturo Gutierrez",21,t_Giannis_An34
722,1081307365989933056,davethememedude,1,t_Giannis_An34
723,529783630,"Ashley Saskowski",185,t_Giannis_An34
724,1102588700742037506,.,42,t_Giannis_An34
725,820548753149018112,„Éí„É≠‚òÜFrancis,39,t_Giannis_An34
726,1109275002514354176,"Gavin Wigg",6,t_Giannis_An34
727,1119219807956684800,"OlympiacosFcSchoolMENIDI_Academies Karataidi",5,t_Giannis_An34
728,298285989,"MeVoN dOsLeY",150,t_Giannis_An34
729,1119227684922494977,Mari_almighty,3,t_Giannis_An34
730,1075528781538959360,"Jaden Landry",1,t_Giannis_An34
731,1084093552337006592,"Aggelos Zil",4,t_Giannis_An34
732,1104800984780492801,"Jacob Sestak",1,t_Giannis_An34
733,1119179409733431297,B3Ent_,2,t_Giannis_An34
734,125156723,"üéíüè∑Baggage Claim Hayes‚õà",554,t_Giannis_An34
735,192206035,"Nacho Moreno",12,t_Giannis_An34
736,1046615222386077696,"Michael Martinat",6,t_Giannis_An34
737,945154064555311104,"Parker Francis",31,t_Giannis_An34
738,1103508161959321601,"Weaver Ignacio",2,t_Giannis_An34
739,974272098368499714,"Dj navarro",4,t_Giannis_An34
740,1118505801788772352,Andrei,3,t_Giannis_An34
741,1119010505799208965,"Gary thedabber",5,t_Giannis_An34
742,985450739332993024,m_o_d_e_s_t_a_s,19,t_Giannis_An34
743,1113194453785817092,"Roderick and Ebonique Rhodes",5,t_Giannis_An34
744,770164690890534912,James,29,t_Giannis_An34
745,69536926,Frank,72,t_Giannis_An34
746,1078079931555463168,Jacxon_Simons,6,t_Giannis_An34
747,974511997411770373,Obeytheballer15,4,t_Giannis_An34
748,764301641772257281,üëè,131,t_Giannis_An34
749,1017581447576616960,"Preston Moala",0,t_Giannis_An34
750,1044703728740306945,Sharx,2,t_Giannis_An34
751,1060724578010324992,üíî,44,t_Giannis_An34
752,1033500391240081414,"Gunner Lacey",3,t_Giannis_An34
753,1117453067736231936,"Eduardo Xavier",16,t_Giannis_An34
754,903711451,Jonatan,138,t_Giannis_An34
755,1119198434953768960,"mohamud diriye",1,t_Giannis_An34
756,3690051553,nickromancer,145,t_Giannis_An34
757,745768708228939776,"Christianüíô‚ù§ SL üíô‚ù§",119,t_Giannis_An34
758,197782660,"Larry Allen",131,t_Giannis_An34
759,1118254694789468161,"Emil S√∏rensen",0,t_Giannis_An34
760,1119148665535287297,"Bob Tian",0,t_Giannis_An34
761,478430901,Berry,13,t_Giannis_An34
762,1055032195490836480,Michael,3,t_Giannis_An34
763,744668267784986624,"Mike Rimrodt",7,t_Giannis_An34
764,773924076343717888,Sia,14,t_Giannis_An34
765,1119182101176176641,"Wilbert Verzano",2,t_Giannis_An34
766,3383598941,"Ethan Leaker",8,t_Giannis_An34
767,845925848448348160,B√§≈≥≈£√Ø¬ß≈£√§üëë,128,t_Giannis_An34
768,897780705102450688,Viserion,50,t_Giannis_An34
769,1119112006076747779,Ë¨ùÂ≥ªÂÆá,2,t_Giannis_An34
770,2444287568,"george kossieris",11,t_Giannis_An34
771,1119172457330438145,Marvin,1,t_Giannis_An34
772,215712967,RA√öL,77,t_Giannis_An34
773,1294700586,Ringim‚Å∂ìÖìüî¥,789,t_Giannis_An34
774,1118949972148355080,"Rayanne karwayDo",2,t_Giannis_An34
775,212994002,"Kornel Kowalewski",61,t_Giannis_An34
776,448429528,"Geni F. O.",51,t_Giannis_An34
777,3402437771,Joel,46,t_Giannis_An34
778,1118704769659437061,"Kris Olson",34,t_Giannis_An34
779,840244005258448896,„ÅØ„Å™„ÇÑ„Åæ,487,t_Giannis_An34
780,1015351875892404225,"Sotiris Kefalas",9,t_Giannis_An34
781,1117029575534567424,BeastFrost,1,t_Giannis_An34
782,27457351,"the elephant cersei didn‚Äôt get",214,t_Giannis_An34
783,162891415,ALLDAY,322,t_Giannis_An34
784,1119157812972572674,Bob,0,t_Giannis_An34
785,889077472569864192,"Zachary Byron Foss",35,t_Giannis_An34
786,1582046684,Tassio12,1,t_Giannis_An34
787,1117379104842502144,Steven,4,t_Giannis_An34
788,954107454559793153,"Young Jid",21,t_Giannis_An34
789,1114506153000624129,"Hana Williams",0,t_Giannis_An34
790,1085709382128750592,valter,2,t_Giannis_An34
791,1119141188018135040,"Jimmy G",0,t_Giannis_An34
792,788855553770545153,"Boimah Lee",45,t_Giannis_An34
793,156857701,"Salvador HM",278,t_Giannis_An34
794,1116986462325493760,"Greg Mcmullen",0,t_Giannis_An34
795,1119013672037150720,"Sophie Anastas",14,t_Giannis_An34
796,2475715687,"Maka P",59,t_Giannis_An34
797,985544221926084608,A,97,t_Giannis_An34
798,143963442,"Reece Pedretti",327,t_Giannis_An34
799,984110226151391233,NBA,2,t_Giannis_An34
800,3430818993,"Katie M",13,t_Giannis_An34
801,1119287802938777601,"Lain√© Jean-Fran√ßois",14,t_KDTrey5
802,1119335312893906945,Brandon,0,t_KDTrey5
803,1119333491341131777,"Taylor Brantley",2,t_KDTrey5
804,1119335083544961024,"shyle palgan",0,t_KDTrey5
805,853492385589846017,"Gabriel VanOrden",78,t_KDTrey5
806,749636906971869184,Androniki,5,t_KDTrey5
807,1100802271573614592,paul,0,t_KDTrey5
808,2303987743,"Jackie Chiles",10,t_KDTrey5
809,1118606443954036736,"Yossi Gyamfi",0,t_KDTrey5
810,1115049061961359361,Yanks4Life,8,t_KDTrey5
811,1113519517483900929,"All PEAKS",116,t_KDTrey5
812,1119334463786426369,iwhwhehjsj,1,t_KDTrey5
813,820481038027816960,"Stephen Sparks",12,t_KDTrey5
814,1106012174860931072,LittleIce,0,t_KDTrey5
815,488039286,cabdiqadar,2,t_KDTrey5
816,160623176,"Chad Chips",134,t_KDTrey5
817,1118885287386591232,trapstxrcharles,4,t_KDTrey5
818,1021951311539888130,Henrich,1,t_KDTrey5
819,860390449009364993,"David Rocha Pereira",8,t_KDTrey5
820,1119331619876278278,"Sam Aslin",3,t_KDTrey5
821,1119328433924972549,omar,0,t_KDTrey5
822,3137403830,"Diego Martinez",90,t_KDTrey5
823,1098064495174434816,"Hayden Hix",40,t_KDTrey5
824,2594593609,talhacapar6,3,t_KDTrey5
825,1085655321975103488,"A Lopez",7,t_KDTrey5
826,1117999997004345344,"Angel Killyalater1",6,t_KDTrey5
827,1119330832458686465,therealnbasite,0,t_KDTrey5
828,1111826078476234752,"Cameron tarman",1,t_KDTrey5
829,1119329629301608454,Darell,1,t_KDTrey5
830,1119326745746903040,Oops_Zion_Ye,0,t_KDTrey5
831,1118598576555347968,"Hotul‚Äôgee O‚Äôsten  Pohlemann",6,t_KDTrey5
832,1118632076331368448,AntonioüêÖüî•,1,t_KDTrey5
833,1099106430269956098,"Aj Kalifa",11,t_KDTrey5
834,1119034040131227650,"Wes Casey",1,t_KDTrey5
835,1119291927030042624,ü§¥üèæJQ,0,t_KDTrey5
836,1117054731015393280,"Nolan Steele",2,t_KDTrey5
837,1084499776442429442,"Ralp Bartolome",0,t_KDTrey5
838,1119282261554290689,"Yung simpo",2,t_KDTrey5
839,382348508,"Andrew Smith",18,t_KDTrey5
840,1119325945121378305,"Andy Caper",0,t_KDTrey5
841,1119326834728919040,"Michael Rains",0,t_KDTrey5
842,2344348865,5üî¥2,426,t_KDTrey5
843,1094593932523196416,"Raphael Achilien",0,t_KDTrey5
844,1119326902119030786,"Nathan Farmer",0,t_KDTrey5
845,1119322630639816704,"Gustavo Graham",5,t_KDTrey5
846,1088612671954538496,William,0,t_KDTrey5
847,882714133489221632,"Melva Landry",3,t_KDTrey5
848,1119327486444228608,"Douglas Mitchell",0,t_KDTrey5
849,1062343148637175808,"Zeynep ≈ûahin",29,t_KDTrey5
850,1119253913448923136,"Hayden Kinney",19,t_KDTrey5
851,1119326437578878977,"Bal√°zs Urb√°n",2,t_KDTrey5
852,1119317787921534976,"Alishah Sheikh",2,t_KDTrey5
853,1083139518948102147,"Vladimy Dormeus",24,t_KDTrey5
854,1119326529312501761,Wellington,0,t_KDTrey5
855,1119322887549329410,"Sam Vranken",0,t_KDTrey5
856,1118982047798837248,¬•NA≈ÅA≈∏T,10,t_KDTrey5
857,1102135957392949248,Blasterr,7,t_KDTrey5
858,1119326168874876929,"The Basketball King",0,t_KDTrey5
859,1119050745398083584,Isaac,2,t_KDTrey5
860,1119318271398940672,LaDevooüëø,2,t_KDTrey5
861,1099746887039623169,TheHennygod,18,t_KDTrey5
862,1107052908728733696,"naiveel jay",28,t_KDTrey5
863,544647430,Jay,75,t_KDTrey5
864,1119229750218719232,Baraka,4,t_KDTrey5
865,1119325312381267973,"Gabe Brennan",1,t_KDTrey5
866,1105311049602002949,Cooperw3,8,t_KDTrey5
867,1119322944465973248,"BRVH _ CAT",2,t_KDTrey5
868,1119314568180895745,"Brenden Barbosa",1,t_KDTrey5
869,1119325098215968769,"Matthew Misiner",0,t_KDTrey5
870,1097883105044631553,"john gotti",0,t_KDTrey5
871,1119320187470340098,B—îrŒ∑Œ±rd√∏,0,t_KDTrey5
872,1119324466553577472,jokoko,0,t_KDTrey5
873,4393786512,"tonja shipley",7,t_KDTrey5
874,1118288761291444224,"Harry Inyang Edet",1,t_KDTrey5
875,1119323595849621504,JoszieMafia,4,t_KDTrey5
876,1068196141039304704,Ramin,6,t_KDTrey5
877,1110909885661802497,"Michael B.",40,t_KDTrey5
878,1118891458055024640,king,0,t_KDTrey5
879,491677167,Kwantaz,885,t_KDTrey5
880,1086210201529679872,"Calvin Johnson",7,t_KDTrey5
881,1117497835992375297,calrocha,1,t_KDTrey5
882,1091751929846349824,"Tasha Wesson",12,t_KDTrey5
883,812968655919153152,"Dwight Bennett",2,t_KDTrey5
884,1119266428400484353,È´òÈò≥,0,t_KDTrey5
885,1112167314697478144,Michael,1,t_KDTrey5
886,1118918268465577984,"The Pink MambaüèÄüî•",2,t_KDTrey5
887,3794079554,"Jean P. Rivera",11,t_KDTrey5
888,1119209181523922944,"Lebron James",0,t_KDTrey5
889,1083785460806311936,PrestonBuckhanan,0,t_KDTrey5
890,2158797523,"Aboudia  Abdelhadi",75,t_KDTrey5
891,18767093,"Jason Cruthirds",133,t_KDTrey5
892,1117869582633570308,Montse5,3,t_KDTrey5
893,1102890766874144769,"J√©r√©mie henry",0,t_KDTrey5
894,1119323034752622593,Daniel,0,t_KDTrey5
895,1119317830741180417,liljhnx,1,t_KDTrey5
896,1119322256667283456,Kj_steadman,0,t_KDTrey5
897,1119322240393404416,"malcolm curry",1,t_KDTrey5
898,1119321277330862080,mike,0,t_KDTrey5
899,1119321039547224064,Tiddogariandoperez,0,t_KDTrey5
900,947966999757438976,"Joshua Vasquez",2,t_KDTrey5
901,738440238524203009,eldian,26,t_KDTrey5
902,1115152397402349568,"Baciu Steluta",33,t_KDTrey5
903,1103049455849299968,Sudhanshu,0,t_KDTrey5
904,819675019198529536,"Calum Lewis",177,t_KDTrey5
905,1119321991637622790,"ERIK O'BRYANT",0,t_KDTrey5
906,1119322151499309056,"Patrick Hastings",0,t_KDTrey5
907,1119107278190174208,"Eduardo Riggen",9,t_KDTrey5
908,925361922723254272,Adri,7,t_KDTrey5
909,23891094,rb,27,t_KDTrey5
910,1118938093866946566,Colin,3,t_KDTrey5
911,1117758471871586305,"Joe Medbery",7,t_KDTrey5
912,1119321030818975746,Curvon,0,t_KDTrey5
913,1118472683623202816,"Tyshun Anderson",1,t_KDTrey5
914,191055228,"Eray G√ºm√º≈ü",8,t_KDTrey5
915,1118783752371486720,chbmilan,0,t_KDTrey5
916,980293486468505606,"Avijit Das",9,t_KDTrey5
917,3524988975,"william mcmann",23,t_KDTrey5
918,1119320373953212416,"Felix B.",1,t_KDTrey5
919,770762234821607424,"Tylar Foggs",12,t_KDTrey5
920,1119275840804618240,DBKDENƒ∞Z0XXXüëÅ,0,t_KDTrey5
921,1119317850836164608,"Marc Herrmann",0,t_KDTrey5
922,43128091,iEKNOWS,1931,t_KDTrey5
923,1119316205553295362,"Laguerre Armandson",0,t_KDTrey5
924,1119318413589897216,"Megan Lopez",34,t_KDTrey5
925,789208558139158528,"Matthew Deatherage",128,t_KDTrey5
926,1097547228367986688,"kevin briones",2,t_KDTrey5
927,1118161942684807168,"Michael Wade",18,t_KDTrey5
928,1119315822466555905,"ŸÖÿ≠ŸÖÿØ ÿ∑Ÿá",1,t_KDTrey5
929,1093610896213999616,ShowWithNoName,40,t_KDTrey5
930,3325844823,"claudeli ferreira",5,t_KDTrey5
931,1119082167940681728,"Benjamin ChaveZ",1,t_KDTrey5
932,4867491753,ama√ßsƒ±z.,0,t_KDTrey5
933,1119317996349132800,vasu03rastogi,0,t_KDTrey5
934,1119313678719782912,"Nick Fernald",1,t_KDTrey5
935,1006411862890577920,"Charlie Zhang",1,t_KDTrey5
936,2490241519,t.takeover_,21,t_KDTrey5
937,246629004,"Ike King",6,t_KDTrey5
938,1119316798573137921,"Clutch plays",7,t_KDTrey5
939,1115858894981668865,beezo32,0,t_KDTrey5
940,929047891888533504,"Carl Goldsmith",2,t_KDTrey5
941,1119313400264310789,ToXic„ÉÑüó£‚ô®Ô∏è,1,t_KDTrey5
942,1119113788198756352,Lia,0,t_KDTrey5
943,1119247582134448128,"Jorge Herrera",2,t_KDTrey5
944,1119317266024112128,Nbamemes,1,t_KDTrey5
945,1119316180454580224,Clinton_hq,1,t_KDTrey5
946,1119315920529260544,kirsty,2,t_KDTrey5
947,972589080,"Chop G",132,t_KDTrey5
948,1119287509345689600,Iaaaanzxc,0,t_KDTrey5
949,802195115888541696,"Jay wms 2",10,t_KDTrey5
950,1118885356512870401,evelynvitoria291713@gmail.com,1,t_KDTrey5
951,1071846401435422720,"2Y üòáüò¥",22,t_KDTrey5
952,1089213002732224513,Hayden,1,t_KDTrey5
953,1038465084140351488,JneutronüöÄ,0,t_KDTrey5
954,1119278030743121920,STEFFANIE.MSSWAY,2,t_KDTrey5
955,1117920302137266177,imani._.simmons,5,t_KDTrey5
956,1092218956683886594,"Eduardo Soalheiro",13,t_KDTrey5
957,3324557054,2.19.12,13,t_KDTrey5
958,1094634901696118784,"Sam Kencharek",0,t_KDTrey5
959,1119263344538656770,Â∞è‰ºçÊÄª,0,t_KDTrey5
960,1119082340922187782,"Brett Graese",2,t_KDTrey5
961,1091347740624330752,gogofast,0,t_KDTrey5
962,1119313341816688641,"Aaron Alexander Santos Fa√±as",0,t_KDTrey5
963,1107763827490217985,"Juan Camilo Mena",32,t_KDTrey5
964,1118967779032358913,"Crystal Renee",3,t_KDTrey5
965,1100059954113859584,"gabriel burroughs",0,t_KDTrey5
966,1117833000102846469,"mohammed sulley",3,t_KDTrey5
967,879781523410620418,"Ericka Guyton",0,t_KDTrey5
968,1051348220109094912,rafaelribeiro,2,t_KDTrey5
969,1070458712228274177,"Giovani parker",13,t_KDTrey5
970,946520955471519745,"rylee samons",23,t_KDTrey5
971,439620215,gr1ndasmagazine,4182,t_KDTrey5
972,1119308569256648704,"Frank Linares",1,t_KDTrey5
973,52051419,"Ryan Chapman",51,t_KDTrey5
974,2434619809,Aldoüî•,150,t_KDTrey5
975,1119034009844178944,"T Y R E K",2,t_KDTrey5
976,998786408436322304,dak,2,t_KDTrey5
977,898848411985690625,AlexMrvica,0,t_KDTrey5
978,1116331694926307329,"Some NameYT",11,t_KDTrey5
979,1119310149108285442,ekrem,1,t_KDTrey5
980,1119310996277829632,jesus,0,t_KDTrey5
981,1099804144456544256,"Ethan Lindstrom",2,t_KDTrey5
982,1119309042831253504,"Kristof Mommy",1,t_KDTrey5
983,1111307798497894400,"Bernardo Mar13",2,t_KDTrey5
984,2422824830,Brit,224,t_KDTrey5
985,1119308294156365824,"Christian Otoo",10,t_KDTrey5
986,1101235325173723136,Trikidurant35,8,t_KDTrey5
987,1119304074061668352,"Aidan Wisecup",6,t_KDTrey5
988,2590258114,"Iradukunda Bimenyimana Serge",24,t_KDTrey5
989,3315293384,"DAVID FORD",5,t_KDTrey5
990,1118991733000429568,"Jos√© Bettencourt",0,t_KDTrey5
991,1095419464244445184,"Kory Klinefelter",7,t_KDTrey5
992,928766035657928705,"Ikaro Emanuel Motta de Moraes",2,t_KDTrey5
993,1079458722773123072,DatGuyMelon,0,t_KDTrey5
994,1090169652414562304,"Devang Gajjar",10,t_KDTrey5
995,1073337200572547073,"zoe york",13,t_KDTrey5
996,1119295410886070272,Dontrell,0,t_KDTrey5
997,1119256594603302912,"Denzel Ricardo",2,t_KDTrey5
998,1022290091442495490,"BC SportsFan",925,t_KDTrey5
999,996557306471956480,"NRG/SHOCK Paige",244,t_KDTrey5
1000,1118954177391099905,Mr.McClain,2,t_KDTrey5
